date_time,category,amount,day,date,time,month,month_num,hour,year
2022-07-06 05:57:10,Restuarant,5.5,Wednesday,2022-07-06,05:57:10,July,7,5,2022
2022-07-06 05:57:27,Market,2.0,Wednesday,2022-07-06,05:57:27,July,7,5,2022
2022-07-06 05:58:12,Coffe,30.1,Wednesday,2022-07-06,05:58:12,July,7,5,2022
2022-07-06 05:58:25,Market,17.33,Wednesday,2022-07-06,05:58:25,July,7,5,2022
2022-07-06 05:59:00,Restuarant,5.5,Wednesday,2022-07-06,05:59:00,July,7,5,2022
2022-07-06 05:59:15,Market,11.78,Wednesday,2022-07-06,05:59:15,July,7,5,2022
2022-07-06 05:59:41,Restuarant,10.0,Wednesday,2022-07-06,05:59:41,July,7,5,2022
2022-07-06 05:59:44,Market,1.38,Wednesday,2022-07-06,05:59:44,July,7,5,2022
2022-07-06 05:59:45,Restuarant,10.0,Wednesday,2022-07-06,05:59:45,July,7,5,2022
2022-07-06 05:59:56,Market,2.73,Wednesday,2022-07-06,05:59:56,July,7,5,2022
2022-07-06 06:00:04,Market,1.94,Wednesday,2022-07-06,06:00:04,July,7,6,2022
2022-07-06 06:00:53,Transport,5.0,Wednesday,2022-07-06,06:00:53,July,7,6,2022
2022-07-06 06:01:09,Restuarant,6.0,Wednesday,2022-07-06,06:01:09,July,7,6,2022
2022-07-06 06:07:09,Market,2.8,Wednesday,2022-07-06,06:07:09,July,7,6,2022
2022-07-06 08:55:16,Coffe,6.6,Wednesday,2022-07-06,08:55:16,July,7,8,2022
2022-07-06 14:43:13,Coffe,7.6,Wednesday,2022-07-06,14:43:13,July,7,14,2022
2022-07-06 17:48:06,Market,3.12,Wednesday,2022-07-06,17:48:06,July,7,17,2022
2022-07-07 09:52:48,Market,2.37,Thursday,2022-07-07,09:52:48,July,7,9,2022
2022-07-07 09:56:52,Coffe,6.0,Thursday,2022-07-07,09:56:52,July,7,9,2022
2022-07-07 15:06:54,Market,12.36,Thursday,2022-07-07,15:06:54,July,7,15,2022
2022-07-08 05:00:36,Market,1.98,Friday,2022-07-08,05:00:36,July,7,5,2022
2022-07-08 13:02:25,Restuarant,5.0,Friday,2022-07-08,13:02:25,July,7,13,2022
2022-07-08 17:16:44,Market,2.04,Friday,2022-07-08,17:16:44,July,7,17,2022
2022-07-08 17:16:50,Restuarant,12.0,Friday,2022-07-08,17:16:50,July,7,17,2022
2022-07-09 04:43:12,Coffe,5.7,Saturday,2022-07-09,04:43:12,July,7,4,2022
2022-07-09 06:37:03,Restuarant,48.0,Saturday,2022-07-09,06:37:03,July,7,6,2022
2022-07-09 06:37:08,Transport,5.0,Saturday,2022-07-09,06:37:08,July,7,6,2022
2022-07-10 05:45:45,Transport,21.0,Sunday,2022-07-10,05:45:45,July,7,5,2022
2022-07-10 18:15:13,Other,20.0,Sunday,2022-07-10,18:15:13,July,7,18,2022
2022-07-10 18:38:38,Phone,10.0,Sunday,2022-07-10,18:38:38,July,7,18,2022
2022-07-11 15:05:15,Market,13.62,Monday,2022-07-11,15:05:15,July,7,15,2022
2022-07-11 15:05:19,Transport,10.0,Monday,2022-07-11,15:05:19,July,7,15,2022
2022-07-11 15:05:28,Market,12.76,Monday,2022-07-11,15:05:28,July,7,15,2022
2022-07-12 18:47:10,Restuarant,10.0,Tuesday,2022-07-12,18:47:10,July,7,18,2022
2022-07-12 19:09:28,Market,8.2,Tuesday,2022-07-12,19:09:28,July,7,19,2022
2022-07-12 19:10:28,Communal,150.0,Tuesday,2022-07-12,19:10:28,July,7,19,2022
2022-07-13 09:35:23,Transport,2.0,Wednesday,2022-07-13,09:35:23,July,7,9,2022
2022-07-13 14:10:40,Coffe,6.6,Wednesday,2022-07-13,14:10:40,July,7,14,2022
2022-07-13 17:06:52,Market,1.8,Wednesday,2022-07-13,17:06:52,July,7,17,2022
2022-07-14 12:07:03,Coffe,7.6,Thursday,2022-07-14,12:07:03,July,7,12,2022
2022-07-15 12:42:39,Transport,6.0,Friday,2022-07-15,12:42:39,July,7,12,2022
2022-07-15 15:37:35,Coffe,6.6,Friday,2022-07-15,15:37:35,July,7,15,2022
2022-07-15 18:24:42,Market,7.44,Friday,2022-07-15,18:24:42,July,7,18,2022
2022-07-16 08:26:25,Coffe,16.0,Saturday,2022-07-16,08:26:25,July,7,8,2022
2022-07-16 09:19:28,Transport,2.0,Saturday,2022-07-16,09:19:28,July,7,9,2022
2022-07-16 09:49:31,Coffe,7.6,Saturday,2022-07-16,09:49:31,July,7,9,2022
2022-07-17 10:12:20,Transport,5.0,Sunday,2022-07-17,10:12:20,July,7,10,2022
2022-07-17 10:12:22,Coffe,7.6,Sunday,2022-07-17,10:12:22,July,7,10,2022
2022-07-17 10:59:19,Coffe,7.6,Sunday,2022-07-17,10:59:19,July,7,10,2022
2022-07-17 16:22:17,Restuarant,10.0,Sunday,2022-07-17,16:22:17,July,7,16,2022
2022-07-17 16:55:41,Market,4.5,Sunday,2022-07-17,16:55:41,July,7,16,2022
2022-07-18 10:54:56,Coffe,15.2,Monday,2022-07-18,10:54:56,July,7,10,2022
2022-07-19 11:18:02,Coffe,15.6,Tuesday,2022-07-19,11:18:02,July,7,11,2022
2022-07-19 12:26:37,Coffe,3.0,Tuesday,2022-07-19,12:26:37,July,7,12,2022
2022-07-19 17:48:53,Market,18.0,Tuesday,2022-07-19,17:48:53,July,7,17,2022
2022-07-19 17:48:55,Restuarant,10.0,Tuesday,2022-07-19,17:48:55,July,7,17,2022
2022-07-20 11:59:47,Restuarant,5.5,Wednesday,2022-07-20,11:59:47,July,7,11,2022
2022-07-20 11:59:52,Market,4.38,Wednesday,2022-07-20,11:59:52,July,7,11,2022
2022-07-20 13:37:03,Restuarant,10.0,Wednesday,2022-07-20,13:37:03,July,7,13,2022
2022-07-20 14:33:00,Coffe,7.6,Wednesday,2022-07-20,14:33:00,July,7,14,2022
2022-07-20 19:23:39,Transport,4.0,Wednesday,2022-07-20,19:23:39,July,7,19,2022
2022-07-21 01:27:52,Restuarant,8.0,Thursday,2022-07-21,01:27:52,July,7,1,2022
2022-07-27 17:44:12,Coffe,7.6,Wednesday,2022-07-27,17:44:12,July,7,17,2022
2022-07-27 21:09:08,Market,8.0,Wednesday,2022-07-27,21:09:08,July,7,21,2022
2022-07-28 00:51:54,Clothing,87.0,Thursday,2022-07-28,00:51:54,July,7,0,2022
2022-07-28 00:52:30,Clothing,135.5,Thursday,2022-07-28,00:52:30,July,7,0,2022
2022-07-28 00:52:37,Clothing,90.0,Thursday,2022-07-28,00:52:37,July,7,0,2022
2022-07-28 15:59:29,Market,8.0,Thursday,2022-07-28,15:59:29,July,7,15,2022
2022-07-28 19:18:45,Motel,675.0,Thursday,2022-07-28,19:18:45,July,7,19,2022
2022-07-28 19:19:02,Travel,733.25,Thursday,2022-07-28,19:19:02,July,7,19,2022
2022-07-28 19:21:17,Rent Car,80.0,Thursday,2022-07-28,19:21:17,July,7,19,2022
2022-07-28 19:23:16,Rent Car,15.0,Thursday,2022-07-28,19:23:16,July,7,19,2022
2022-07-28 19:24:50,Communal,9.0,Thursday,2022-07-28,19:24:50,July,7,19,2022
2022-07-29 10:44:07,Phone,7.0,Friday,2022-07-29,10:44:07,July,7,10,2022
2022-07-29 14:43:54,Restuarant,7.0,Friday,2022-07-29,14:43:54,July,7,14,2022
2022-07-29 14:43:57,Transport,1.0,Friday,2022-07-29,14:43:57,July,7,14,2022
2022-07-29 14:44:10,Travel,260.0,Friday,2022-07-29,14:44:10,July,7,14,2022
2022-07-30 08:41:21,Coffe,7.6,Saturday,2022-07-30,08:41:21,July,7,8,2022
2022-07-30 12:08:27,Coffe,28.4,Saturday,2022-07-30,12:08:27,July,7,12,2022
2022-07-30 16:57:05,Restuarant,7.5,Saturday,2022-07-30,16:57:05,July,7,16,2022
2022-07-31 10:51:59,Transport,3.0,Sunday,2022-07-31,10:51:59,July,7,10,2022
2022-07-31 14:18:59,Coffe,6.5,Sunday,2022-07-31,14:18:59,July,7,14,2022
2022-08-01 05:10:13,Market,4.0,Monday,2022-08-01,05:10:13,August,8,5,2022
2022-08-01 12:28:01,Market,2.0,Monday,2022-08-01,12:28:01,August,8,12,2022
2022-08-01 15:15:20,Restuarant,5.3,Monday,2022-08-01,15:15:20,August,8,15,2022
2022-08-01 15:15:22,Restuarant,5.0,Monday,2022-08-01,15:15:22,August,8,15,2022
2022-08-01 19:48:07,Other,14.0,Monday,2022-08-01,19:48:07,August,8,19,2022
2022-08-02 10:21:16,Restuarant,5.5,Tuesday,2022-08-02,10:21:16,August,8,10,2022
2022-08-02 15:11:18,Restuarant,7.2,Tuesday,2022-08-02,15:11:18,August,8,15,2022
2022-08-03 04:57:19,Market,1.4,Wednesday,2022-08-03,04:57:19,August,8,4,2022
2022-08-03 06:31:31,Market,4.8,Wednesday,2022-08-03,06:31:31,August,8,6,2022
2022-08-03 06:32:08,Sport,68.3,Wednesday,2022-08-03,06:32:08,August,8,6,2022
2022-08-03 11:30:32,Restuarant,5.0,Wednesday,2022-08-03,11:30:32,August,8,11,2022
2022-08-03 14:40:23,Coffe,7.6,Wednesday,2022-08-03,14:40:23,August,8,14,2022
2022-08-04 04:55:30,Market,4.14,Thursday,2022-08-04,04:55:30,August,8,4,2022
2022-08-04 05:50:45,Market,4.25,Thursday,2022-08-04,05:50:45,August,8,5,2022
2022-08-04 10:31:16,Restuarant,5.0,Thursday,2022-08-04,10:31:16,August,8,10,2022
2022-08-05 04:01:58,Transport,5.0,Friday,2022-08-05,04:01:58,August,8,4,2022
2022-08-05 05:01:59,Market,1.4,Friday,2022-08-05,05:01:59,August,8,5,2022
2022-08-05 09:07:01,Restuarant,9.0,Friday,2022-08-05,09:07:01,August,8,9,2022
2022-08-06 07:22:47,Transport,1.6,Saturday,2022-08-06,07:22:47,August,8,7,2022
2022-08-06 07:24:57,Coffe,7.6,Saturday,2022-08-06,07:24:57,August,8,7,2022
2022-08-06 13:45:46,Market,0.42,Saturday,2022-08-06,13:45:46,August,8,13,2022
2022-08-06 13:45:51,Restuarant,7.0,Saturday,2022-08-06,13:45:51,August,8,13,2022
2022-08-07 11:26:56,Market,0.46,Sunday,2022-08-07,11:26:56,August,8,11,2022
2022-08-07 15:31:36,Restuarant,24.0,Sunday,2022-08-07,15:31:36,August,8,15,2022
2022-08-08 05:04:56,Market,1.4,Monday,2022-08-08,05:04:56,August,8,5,2022
2022-08-08 08:30:46,Restuarant,3.5,Monday,2022-08-08,08:30:46,August,8,8,2022
2022-08-08 15:43:37,Transport,0.5,Monday,2022-08-08,15:43:37,August,8,15,2022
2022-08-09 09:21:41,Restuarant,4.0,Tuesday,2022-08-09,09:21:41,August,8,9,2022
2022-08-09 09:21:57,Market,1.45,Tuesday,2022-08-09,09:21:57,August,8,9,2022
2022-08-09 12:35:45,Market,1.9,Tuesday,2022-08-09,12:35:45,August,8,12,2022
2022-08-09 17:48:55,Coffe,6.0,Tuesday,2022-08-09,17:48:55,August,8,17,2022
2022-08-10 06:13:21,Events,12.0,Wednesday,2022-08-10,06:13:21,August,8,6,2022
2022-08-10 14:09:34,Restuarant,5.0,Wednesday,2022-08-10,14:09:34,August,8,14,2022
2022-08-10 14:17:53,Coffe,7.6,Wednesday,2022-08-10,14:17:53,August,8,14,2022
2022-08-11 04:42:14,Market,1.4,Thursday,2022-08-11,04:42:14,August,8,4,2022
2022-08-11 05:57:33,Phone,4.0,Thursday,2022-08-11,05:57:33,August,8,5,2022
2022-08-11 06:04:54,Phone,5.0,Thursday,2022-08-11,06:04:54,August,8,6,2022
2022-08-11 08:35:30,Restuarant,5.0,Thursday,2022-08-11,08:35:30,August,8,8,2022
2022-08-11 16:50:44,Coffe,7.0,Thursday,2022-08-11,16:50:44,August,8,16,2022
2022-08-11 17:46:33,Market,10.8,Thursday,2022-08-11,17:46:33,August,8,17,2022
2022-08-12 04:45:03,Market,1.43,Friday,2022-08-12,04:45:03,August,8,4,2022
2022-08-12 09:46:46,Market,1.43,Friday,2022-08-12,09:46:46,August,8,9,2022
2022-08-12 10:36:35,Restuarant,4.5,Friday,2022-08-12,10:36:35,August,8,10,2022
2022-08-12 11:12:19,Events,13.3,Friday,2022-08-12,11:12:19,August,8,11,2022
2022-08-12 12:13:20,Learning,220.0,Friday,2022-08-12,12:13:20,August,8,12,2022
2022-08-12 15:42:41,Market,8.64,Friday,2022-08-12,15:42:41,August,8,15,2022
2022-08-13 05:27:54,Transport,6.0,Saturday,2022-08-13,05:27:54,August,8,5,2022
2022-08-13 05:50:02,Transport,1.0,Saturday,2022-08-13,05:50:02,August,8,5,2022
2022-08-13 09:31:09,Restuarant,13.0,Saturday,2022-08-13,09:31:09,August,8,9,2022
2022-08-13 09:31:13,Coffe,6.0,Saturday,2022-08-13,09:31:13,August,8,9,2022
2022-08-13 09:31:32,Coffe,6.0,Saturday,2022-08-13,09:31:32,August,8,9,2022
2022-08-13 14:39:33,Learning,2.3,Saturday,2022-08-13,14:39:33,August,8,14,2022
2022-08-13 15:32:31,Transport,5.0,Saturday,2022-08-13,15:32:31,August,8,15,2022
2022-08-14 06:41:57,Coffe,7.6,Sunday,2022-08-14,06:41:57,August,8,6,2022
2022-08-14 08:01:58,Coffe,7.5,Sunday,2022-08-14,08:01:58,August,8,8,2022
2022-08-14 09:41:05,Coffe,7.6,Sunday,2022-08-14,09:41:05,August,8,9,2022
2022-08-14 12:40:47,Coffe,6.3,Sunday,2022-08-14,12:40:47,August,8,12,2022
2022-08-14 15:55:13,Restuarant,20.0,Sunday,2022-08-14,15:55:13,August,8,15,2022
2022-08-15 07:26:16,Market,7.45,Monday,2022-08-15,07:26:16,August,8,7,2022
2022-08-15 19:12:02,Restuarant,10.0,Monday,2022-08-15,19:12:02,August,8,19,2022
2022-08-15 19:12:03,Transport,2.0,Monday,2022-08-15,19:12:03,August,8,19,2022
2022-08-16 04:24:19,Market,3.1,Tuesday,2022-08-16,04:24:19,August,8,4,2022
2022-08-16 05:20:42,Learning,30.0,Tuesday,2022-08-16,05:20:42,August,8,5,2022
2022-08-16 08:37:20,Restuarant,5.5,Tuesday,2022-08-16,08:37:20,August,8,8,2022
2022-08-16 17:27:54,Coffe,6.3,Tuesday,2022-08-16,17:27:54,August,8,17,2022
2022-08-16 17:27:57,Restuarant,5.0,Tuesday,2022-08-16,17:27:57,August,8,17,2022
2022-08-17 02:47:05,Transport,4.0,Wednesday,2022-08-17,02:47:05,August,8,2,2022
2022-08-17 03:02:23,Transport,1.0,Wednesday,2022-08-17,03:02:23,August,8,3,2022
2022-08-17 04:28:32,Market,2.8,Wednesday,2022-08-17,04:28:32,August,8,4,2022
2022-08-17 09:55:39,Restuarant,5.5,Wednesday,2022-08-17,09:55:39,August,8,9,2022
2022-08-17 19:07:58,Market,8.48,Wednesday,2022-08-17,19:07:58,August,8,19,2022
2022-08-18 09:16:16,Restuarant,13.0,Thursday,2022-08-18,09:16:16,August,8,9,2022
2022-08-18 19:23:24,Market,6.78,Thursday,2022-08-18,19:23:24,August,8,19,2022
2022-08-19 04:28:17,Market,11.25,Friday,2022-08-19,04:28:17,August,8,4,2022
2022-08-19 04:28:20,Transport,4.0,Friday,2022-08-19,04:28:20,August,8,4,2022
2022-08-19 10:09:05,Phone,12.0,Friday,2022-08-19,10:09:05,August,8,10,2022
2022-08-19 16:58:44,Restuarant,10.0,Friday,2022-08-19,16:58:44,August,8,16,2022
2022-08-20 06:50:04,Restuarant,37.0,Saturday,2022-08-20,06:50:04,August,8,6,2022
2022-08-20 06:50:06,Transport,2.0,Saturday,2022-08-20,06:50:06,August,8,6,2022
2022-08-20 12:17:15,Coffe,7.6,Saturday,2022-08-20,12:17:15,August,8,12,2022
2022-08-21 08:46:12,Coffe,7.6,Sunday,2022-08-21,08:46:12,August,8,8,2022
2022-08-21 11:29:50,Coffe,6.7,Sunday,2022-08-21,11:29:50,August,8,11,2022
2022-08-21 12:39:07,Transport,1.3,Sunday,2022-08-21,12:39:07,August,8,12,2022
2022-08-21 15:24:17,Coffe,13.0,Sunday,2022-08-21,15:24:17,August,8,15,2022
2022-08-22 04:50:11,Market,6.0,Monday,2022-08-22,04:50:11,August,8,4,2022
2022-08-22 08:57:45,Restuarant,5.0,Monday,2022-08-22,08:57:45,August,8,8,2022
2022-08-23 09:00:30,Restuarant,5.0,Tuesday,2022-08-23,09:00:30,August,8,9,2022
2022-08-24 04:20:44,Transport,2.0,Wednesday,2022-08-24,04:20:44,August,8,4,2022
2022-08-24 04:21:54,Communal,150.0,Wednesday,2022-08-24,04:21:54,August,8,4,2022
2022-08-24 11:11:27,Restuarant,42.53,Wednesday,2022-08-24,11:11:27,August,8,11,2022
2022-08-24 14:57:43,Coffe,7.6,Wednesday,2022-08-24,14:57:43,August,8,14,2022
2022-08-24 18:42:57,Market,3.6,Wednesday,2022-08-24,18:42:57,August,8,18,2022
2022-08-25 13:28:33,Coffe,11.1,Thursday,2022-08-25,13:28:33,August,8,13,2022
2022-08-25 15:14:26,Coffe,7.6,Thursday,2022-08-25,15:14:26,August,8,15,2022
2022-08-25 17:13:04,Coffe,6.4,Thursday,2022-08-25,17:13:04,August,8,17,2022
2022-08-25 19:57:49,Market,4.78,Thursday,2022-08-25,19:57:49,August,8,19,2022
2022-08-26 11:24:54,Coffe,7.6,Friday,2022-08-26,11:24:54,August,8,11,2022
2022-08-26 14:22:44,Coffe,6.5,Friday,2022-08-26,14:22:44,August,8,14,2022
2022-08-26 14:46:51,Coffe,7.6,Friday,2022-08-26,14:46:51,August,8,14,2022
2022-08-26 19:22:57,Restuarant,9.5,Friday,2022-08-26,19:22:57,August,8,19,2022
2022-08-26 19:22:59,Transport,2.0,Friday,2022-08-26,19:22:59,August,8,19,2022
2022-08-27 06:39:10,Transport,4.0,Saturday,2022-08-27,06:39:10,August,8,6,2022
2022-08-27 08:13:02,Coffe,9.0,Saturday,2022-08-27,08:13:02,August,8,8,2022
2022-08-27 10:46:17,Market,0.87,Saturday,2022-08-27,10:46:17,August,8,10,2022
2022-08-27 13:30:26,Coffe,7.6,Saturday,2022-08-27,13:30:26,August,8,13,2022
2022-08-27 15:14:03,Coffe,6.7,Saturday,2022-08-27,15:14:03,August,8,15,2022
2022-08-27 19:10:58,Restuarant,10.0,Saturday,2022-08-27,19:10:58,August,8,19,2022
2022-08-27 19:59:10,Market,5.7,Saturday,2022-08-27,19:59:10,August,8,19,2022
2022-08-28 09:48:55,Transport,2.0,Sunday,2022-08-28,09:48:55,August,8,9,2022
2022-08-28 10:17:35,Coffe,7.6,Sunday,2022-08-28,10:17:35,August,8,10,2022
2022-08-28 12:22:39,Coffe,7.6,Sunday,2022-08-28,12:22:39,August,8,12,2022
2022-08-28 16:40:34,Coffe,15.2,Sunday,2022-08-28,16:40:34,August,8,16,2022
2022-08-29 08:35:23,Restuarant,3.0,Monday,2022-08-29,08:35:23,August,8,8,2022
2022-08-29 10:05:37,Restuarant,14.0,Monday,2022-08-29,10:05:37,August,8,10,2022
2022-08-29 15:19:54,Restuarant,10.0,Monday,2022-08-29,15:19:54,August,8,15,2022
2022-08-29 15:59:24,Market,1.7,Monday,2022-08-29,15:59:24,August,8,15,2022
2022-08-30 04:53:30,Market,1.6,Tuesday,2022-08-30,04:53:30,August,8,4,2022
2022-08-30 11:06:48,Restuarant,17.6,Tuesday,2022-08-30,11:06:48,August,8,11,2022
2022-08-30 15:13:47,Market,13.71,Tuesday,2022-08-30,15:13:47,August,8,15,2022
2022-08-31 04:22:11,Market,16.35,Wednesday,2022-08-31,04:22:11,August,8,4,2022
2022-08-31 09:48:00,Restuarant,8.0,Wednesday,2022-08-31,09:48:00,August,8,9,2022
2022-08-31 14:23:57,Coffe,6.6,Wednesday,2022-08-31,14:23:57,August,8,14,2022
2022-08-31 16:34:21,Coffe,11.4,Wednesday,2022-08-31,16:34:21,August,8,16,2022
2022-08-31 17:52:48,Transport,5.0,Wednesday,2022-08-31,17:52:48,August,8,17,2022
2022-09-01 09:47:27,Restuarant,8.4,Thursday,2022-09-01,09:47:27,September,9,9,2022
2022-09-01 18:50:16,Restuarant,30.0,Thursday,2022-09-01,18:50:16,September,9,18,2022
2022-09-01 21:06:18,Transport,4.0,Thursday,2022-09-01,21:06:18,September,9,21,2022
2022-09-01 21:06:22,Restuarant,12.5,Thursday,2022-09-01,21:06:22,September,9,21,2022
2022-09-02 04:28:35,Transport,4.0,Friday,2022-09-02,04:28:35,September,9,4,2022
2022-09-02 10:11:30,Restuarant,5.0,Friday,2022-09-02,10:11:30,September,9,10,2022
2022-09-02 15:58:30,Coffe,7.6,Friday,2022-09-02,15:58:30,September,9,15,2022
2022-09-02 18:18:54,Restuarant,3.9,Friday,2022-09-02,18:18:54,September,9,18,2022
2022-09-03 08:03:07,Health,10.0,Saturday,2022-09-03,08:03:07,September,9,8,2022
2022-09-03 13:26:32,Coffe,14.1,Saturday,2022-09-03,13:26:32,September,9,13,2022
2022-09-03 14:23:34,Market,1.12,Saturday,2022-09-03,14:23:34,September,9,14,2022
2022-09-03 15:52:37,Coffe,7.6,Saturday,2022-09-03,15:52:37,September,9,15,2022
2022-09-03 19:16:55,Market,9.62,Saturday,2022-09-03,19:16:55,September,9,19,2022
2022-09-04 06:50:53,Market,2.7,Sunday,2022-09-04,06:50:53,September,9,6,2022
2022-09-04 06:50:56,Taxi,5.7,Sunday,2022-09-04,06:50:56,September,9,6,2022
2022-09-04 09:11:50,Coffe,7.6,Sunday,2022-09-04,09:11:50,September,9,9,2022
2022-09-04 09:12:07,Restuarant,24.0,Sunday,2022-09-04,09:12:07,September,9,9,2022
2022-09-04 11:12:36,Market,6.83,Sunday,2022-09-04,11:12:36,September,9,11,2022
2022-09-04 19:46:17,Communal,9.0,Sunday,2022-09-04,19:46:17,September,9,19,2022
2022-09-04 19:46:20,Communal,150.0,Sunday,2022-09-04,19:46:20,September,9,19,2022
2022-09-04 19:46:30,Market,12.5,Sunday,2022-09-04,19:46:30,September,9,19,2022
2022-09-04 19:46:44,Communal,12.5,Sunday,2022-09-04,19:46:44,September,9,19,2022
2022-09-05 05:05:17,Market,11.65,Monday,2022-09-05,05:05:17,September,9,5,2022
2022-09-05 09:37:25,Events,12.5,Monday,2022-09-05,09:37:25,September,9,9,2022
2022-09-05 10:46:06,Business lunch,4.5,Monday,2022-09-05,10:46:06,September,9,10,2022
2022-09-05 15:11:08,Market,7.19,Monday,2022-09-05,15:11:08,September,9,15,2022
2022-09-06 04:51:51,Market,6.5,Tuesday,2022-09-06,04:51:51,September,9,4,2022
2022-09-06 16:20:41,Events,200.0,Tuesday,2022-09-06,16:20:41,September,9,16,2022
2022-09-06 16:30:24,Restuarant,7.0,Tuesday,2022-09-06,16:30:24,September,9,16,2022
2022-09-06 16:30:26,Restuarant,1.0,Tuesday,2022-09-06,16:30:26,September,9,16,2022
2022-09-07 18:42:54,Restuarant,13.0,Wednesday,2022-09-07,18:42:54,September,9,18,2022
2022-09-07 18:43:01,Business lunch,4.5,Wednesday,2022-09-07,18:43:01,September,9,18,2022
2022-09-08 08:42:16,Business lunch,4.5,Thursday,2022-09-08,08:42:16,September,9,8,2022
2022-09-08 15:43:50,Coffe,7.6,Thursday,2022-09-08,15:43:50,September,9,15,2022
2022-09-09 10:31:31,Business lunch,9.0,Friday,2022-09-09,10:31:31,September,9,10,2022
2022-09-09 14:31:05,Coffe,7.6,Friday,2022-09-09,14:31:05,September,9,14,2022
2022-09-10 08:09:26,Restuarant,25.0,Saturday,2022-09-10,08:09:26,September,9,8,2022
2022-09-10 09:28:20,Taxi,4.0,Saturday,2022-09-10,09:28:20,September,9,9,2022
2022-09-10 10:53:52,Coffe,7.6,Saturday,2022-09-10,10:53:52,September,9,10,2022
2022-09-10 11:57:45,Coffe,7.6,Saturday,2022-09-10,11:57:45,September,9,11,2022
2022-09-10 13:19:32,Coffe,6.5,Saturday,2022-09-10,13:19:32,September,9,13,2022
2022-09-10 17:17:30,Coffe,6.7,Saturday,2022-09-10,17:17:30,September,9,17,2022
2022-09-10 18:39:45,Restuarant,18.0,Saturday,2022-09-10,18:39:45,September,9,18,2022
2022-09-10 18:39:47,Coffe,6.5,Saturday,2022-09-10,18:39:47,September,9,18,2022
2022-09-10 21:26:25,Taxi,4.0,Saturday,2022-09-10,21:26:25,September,9,21,2022
2022-09-11 09:58:22,Restuarant,7.0,Sunday,2022-09-11,09:58:22,September,9,9,2022
2022-09-11 09:58:25,Taxi,3.0,Sunday,2022-09-11,09:58:25,September,9,9,2022
2022-09-11 12:12:42,Coffe,6.7,Sunday,2022-09-11,12:12:42,September,9,12,2022
2022-09-11 12:56:01,Coffe,7.6,Sunday,2022-09-11,12:56:01,September,9,12,2022
2022-09-11 14:57:39,Coffe,6.5,Sunday,2022-09-11,14:57:39,September,9,14,2022
2022-09-11 18:34:57,Market,1.15,Sunday,2022-09-11,18:34:57,September,9,18,2022
2022-09-12 14:40:09,Phone,5.0,Monday,2022-09-12,14:40:09,September,9,14,2022
2022-09-12 14:40:16,Business lunch,3.5,Monday,2022-09-12,14:40:16,September,9,14,2022
2022-09-12 15:23:18,Restuarant,1.0,Monday,2022-09-12,15:23:18,September,9,15,2022
2022-09-12 17:58:50,Coffe,7.6,Monday,2022-09-12,17:58:50,September,9,17,2022
2022-09-12 19:08:02,Market,2.6,Monday,2022-09-12,19:08:02,September,9,19,2022
2022-09-13 05:17:42,Market,7.34,Tuesday,2022-09-13,05:17:42,September,9,5,2022
2022-09-13 10:37:33,Business lunch,2.0,Tuesday,2022-09-13,10:37:33,September,9,10,2022
2022-09-13 19:22:57,Taxi,4.5,Tuesday,2022-09-13,19:22:57,September,9,19,2022
2022-09-13 19:23:03,Restuarant,9.5,Tuesday,2022-09-13,19:23:03,September,9,19,2022
2022-09-14 04:54:40,Market,6.65,Wednesday,2022-09-14,04:54:40,September,9,4,2022
2022-09-14 09:19:13,Business lunch,8.5,Wednesday,2022-09-14,09:19:13,September,9,9,2022
2022-09-15 10:29:47,Business lunch,8.4,Thursday,2022-09-15,10:29:47,September,9,10,2022
2022-09-15 19:25:31,Coffe,14.2,Thursday,2022-09-15,19:25:31,September,9,19,2022
2022-09-16 09:33:08,Market,0.9,Friday,2022-09-16,09:33:08,September,9,9,2022
2022-09-16 09:33:10,Business lunch,6.0,Friday,2022-09-16,09:33:10,September,9,9,2022
2022-09-16 12:24:22,Travel,50.0,Friday,2022-09-16,12:24:22,September,9,12,2022
2022-09-16 15:50:46,Coffe,7.6,Friday,2022-09-16,15:50:46,September,9,15,2022
2022-09-16 15:50:48,Restuarant,8.0,Friday,2022-09-16,15:50:48,September,9,15,2022
2022-09-16 15:50:52,Business lunch,0.6,Friday,2022-09-16,15:50:52,September,9,15,2022
2022-09-16 19:04:17,Market,5.6,Friday,2022-09-16,19:04:17,September,9,19,2022
2022-09-17 07:51:20,Coffe,6.5,Saturday,2022-09-17,07:51:20,September,9,7,2022
2022-09-17 07:51:29,Restuarant,12.0,Saturday,2022-09-17,07:51:29,September,9,7,2022
2022-09-17 07:51:32,Coffe,6.5,Saturday,2022-09-17,07:51:32,September,9,7,2022
2022-09-17 10:37:54,Taxi,3.0,Saturday,2022-09-17,10:37:54,September,9,10,2022
2022-09-17 11:49:14,Transport,5.0,Saturday,2022-09-17,11:49:14,September,9,11,2022
2022-09-17 12:24:45,Coffe,7.6,Saturday,2022-09-17,12:24:45,September,9,12,2022
2022-09-17 15:39:47,Coffe,6.5,Saturday,2022-09-17,15:39:47,September,9,15,2022
2022-09-17 17:34:30,Market,2.6,Saturday,2022-09-17,17:34:30,September,9,17,2022
2022-09-17 17:49:22,Taxi,3.0,Saturday,2022-09-17,17:49:22,September,9,17,2022
2022-09-19 12:39:04,Business lunch,8.4,Monday,2022-09-19,12:39:04,September,9,12,2022
2022-09-19 15:38:26,Coffe,7.6,Monday,2022-09-19,15:38:26,September,9,15,2022
2022-09-19 19:34:10,Market,13.0,Monday,2022-09-19,19:34:10,September,9,19,2022
2022-09-20 09:09:44,Business lunch,8.4,Tuesday,2022-09-20,09:09:44,September,9,9,2022
2022-09-20 15:18:34,Coffe,7.6,Tuesday,2022-09-20,15:18:34,September,9,15,2022
2022-09-20 16:48:53,Coffe,6.5,Tuesday,2022-09-20,16:48:53,September,9,16,2022
2022-09-21 04:47:31,Coffe,1.8,Wednesday,2022-09-21,04:47:31,September,9,4,2022
2022-09-21 09:56:31,Business lunch,8.4,Wednesday,2022-09-21,09:56:31,September,9,9,2022
2022-09-21 15:48:35,Restuarant,9.0,Wednesday,2022-09-21,15:48:35,September,9,15,2022
2022-09-21 18:41:51,Market,1.7,Wednesday,2022-09-21,18:41:51,September,9,18,2022
2022-09-22 16:09:57,Coffe,7.6,Thursday,2022-09-22,16:09:57,September,9,16,2022
2022-09-22 17:17:53,Phone,2.0,Thursday,2022-09-22,17:17:53,September,9,17,2022
2022-09-22 19:38:45,Market,1.2,Thursday,2022-09-22,19:38:45,September,9,19,2022
2022-09-23 16:32:21,Coffe,6.5,Friday,2022-09-23,16:32:21,September,9,16,2022
2022-09-23 16:32:24,Restuarant,25.0,Friday,2022-09-23,16:32:24,September,9,16,2022
2022-09-23 18:45:07,Coffe,6.7,Friday,2022-09-23,18:45:07,September,9,18,2022
2022-09-23 20:37:29,Market,4.7,Friday,2022-09-23,20:37:29,September,9,20,2022
2022-09-24 06:48:54,Taxi,4.0,Saturday,2022-09-24,06:48:54,September,9,6,2022
2022-09-24 12:26:52,Coffe,25.0,Saturday,2022-09-24,12:26:52,September,9,12,2022
2022-09-24 14:30:23,Transport,3.0,Saturday,2022-09-24,14:30:23,September,9,14,2022
2022-09-24 15:51:02,Restuarant,16.0,Saturday,2022-09-24,15:51:02,September,9,15,2022
2022-09-24 17:11:31,Taxi,1.4,Saturday,2022-09-24,17:11:31,September,9,17,2022
2022-09-24 18:28:24,Taxi,2.5,Saturday,2022-09-24,18:28:24,September,9,18,2022
2022-09-24 18:46:38,Market,4.0,Saturday,2022-09-24,18:46:38,September,9,18,2022
2022-09-25 09:36:43,Coffe,7.6,Sunday,2022-09-25,09:36:43,September,9,9,2022
2022-09-25 09:36:44,Phone,3.0,Sunday,2022-09-25,09:36:44,September,9,9,2022
2022-09-25 11:04:20,Coffe,11.6,Sunday,2022-09-25,11:04:20,September,9,11,2022
2022-09-25 16:26:47,Restuarant,15.0,Sunday,2022-09-25,16:26:47,September,9,16,2022
2022-09-25 18:13:56,Market,3.0,Sunday,2022-09-25,18:13:56,September,9,18,2022
2022-09-25 18:39:51,Restuarant,10.5,Sunday,2022-09-25,18:39:51,September,9,18,2022
2022-09-26 04:05:41,Transport,1.0,Monday,2022-09-26,04:05:41,September,9,4,2022
2022-09-26 09:18:49,Business lunch,9.0,Monday,2022-09-26,09:18:49,September,9,9,2022
2022-09-26 09:42:03,Market,1.83,Monday,2022-09-26,09:42:03,September,9,9,2022
2022-09-26 15:02:08,Coffe,7.6,Monday,2022-09-26,15:02:08,September,9,15,2022
2022-09-26 19:38:55,Market,2.55,Monday,2022-09-26,19:38:55,September,9,19,2022
2022-09-27 04:24:19,Taxi,4.0,Tuesday,2022-09-27,04:24:19,September,9,4,2022
2022-09-27 16:18:55,Coffe,7.6,Tuesday,2022-09-27,16:18:55,September,9,16,2022
2022-09-27 20:00:34,Market,9.0,Tuesday,2022-09-27,20:00:34,September,9,20,2022
2022-09-28 09:59:45,Business lunch,8.3,Wednesday,2022-09-28,09:59:45,September,9,9,2022
2022-09-28 13:47:37,Phone,4.0,Wednesday,2022-09-28,13:47:37,September,9,13,2022
2022-09-28 17:47:46,Restuarant,19.0,Wednesday,2022-09-28,17:47:46,September,9,17,2022
2022-09-28 19:00:51,Taxi,4.0,Wednesday,2022-09-28,19:00:51,September,9,19,2022
2022-09-29 11:02:09,Business lunch,8.5,Thursday,2022-09-29,11:02:09,September,9,11,2022
2022-09-29 16:06:48,Market,2.55,Thursday,2022-09-29,16:06:48,September,9,16,2022
2022-09-30 04:42:46,Market,4.0,Friday,2022-09-30,04:42:46,September,9,4,2022
2022-09-30 09:28:52,Market,0.9,Friday,2022-09-30,09:28:52,September,9,9,2022
2022-09-30 09:28:55,Business lunch,12.0,Friday,2022-09-30,09:28:55,September,9,9,2022
2022-09-30 15:05:22,Coffe,14.0,Friday,2022-09-30,15:05:22,September,9,15,2022
2022-09-30 16:47:44,Coffe,6.7,Friday,2022-09-30,16:47:44,September,9,16,2022
2022-09-30 21:00:19,Taxi,4.0,Friday,2022-09-30,21:00:19,September,9,21,2022
2022-10-01 06:05:39,Coffe,5.7,Saturday,2022-10-01,06:05:39,October,10,6,2022
2022-10-01 07:48:49,Restuarant,38.5,Saturday,2022-10-01,07:48:49,October,10,7,2022
2022-10-01 08:04:41,Coffe,11.0,Saturday,2022-10-01,08:04:41,October,10,8,2022
2022-10-01 10:57:56,Coffe,5.7,Saturday,2022-10-01,10:57:56,October,10,10,2022
2022-10-01 13:54:34,Market,15.6,Saturday,2022-10-01,13:54:34,October,10,13,2022
2022-10-01 14:24:15,Clothing,45.0,Saturday,2022-10-01,14:24:15,October,10,14,2022
2022-10-01 14:50:35,Clothing,153.0,Saturday,2022-10-01,14:50:35,October,10,14,2022
2022-10-01 15:02:52,Clothing,50.0,Saturday,2022-10-01,15:02:52,October,10,15,2022
2022-10-01 15:41:18,Coffe,4.55,Saturday,2022-10-01,15:41:18,October,10,15,2022
2022-10-02 05:35:56,Taxi,4.0,Sunday,2022-10-02,05:35:56,October,10,5,2022
2022-10-02 10:54:54,Coffe,11.4,Sunday,2022-10-02,10:54:54,October,10,10,2022
2022-10-02 11:30:54,Restuarant,14.0,Sunday,2022-10-02,11:30:54,October,10,11,2022
2022-10-02 11:31:51,Film/enjoyment,7.0,Sunday,2022-10-02,11:31:51,October,10,11,2022
2022-10-02 12:52:12,Restuarant,9.5,Sunday,2022-10-02,12:52:12,October,10,12,2022
2022-10-02 16:07:28,Transport,3.0,Sunday,2022-10-02,16:07:28,October,10,16,2022
2022-10-02 16:58:58,Market,2.0,Sunday,2022-10-02,16:58:58,October,10,16,2022
2022-10-03 05:04:56,Market,1.0,Monday,2022-10-03,05:04:56,October,10,5,2022
2022-10-03 09:24:19,Business lunch,9.0,Monday,2022-10-03,09:24:19,October,10,9,2022
2022-10-03 15:28:36,Restuarant,10.0,Monday,2022-10-03,15:28:36,October,10,15,2022
2022-10-03 15:53:05,Market,3.3,Monday,2022-10-03,15:53:05,October,10,15,2022
2022-10-04 05:09:32,Market,4.1,Tuesday,2022-10-04,05:09:32,October,10,5,2022
2022-10-04 08:42:43,Business lunch,3.0,Tuesday,2022-10-04,08:42:43,October,10,8,2022
2022-10-04 13:35:12,Health,10.0,Tuesday,2022-10-04,13:35:12,October,10,13,2022
2022-10-04 17:27:15,Restuarant,10.0,Tuesday,2022-10-04,17:27:15,October,10,17,2022
2022-10-05 04:50:48,Market,1.9,Wednesday,2022-10-05,04:50:48,October,10,4,2022
2022-10-05 08:58:10,Business lunch,5.0,Wednesday,2022-10-05,08:58:10,October,10,8,2022
2022-10-05 15:02:36,Coffe,7.6,Wednesday,2022-10-05,15:02:36,October,10,15,2022
2022-10-05 19:38:34,Coffe,7.0,Wednesday,2022-10-05,19:38:34,October,10,19,2022
2022-10-06 06:46:30,Market,1.0,Thursday,2022-10-06,06:46:30,October,10,6,2022
2022-10-06 11:56:56,Travel,60.2,Thursday,2022-10-06,11:56:56,October,10,11,2022
2022-10-06 11:57:02,Coffe,5.7,Thursday,2022-10-06,11:57:02,October,10,11,2022
2022-10-06 12:05:39,Coffe,5.7,Thursday,2022-10-06,12:05:39,October,10,12,2022
2022-10-06 17:29:26,Restuarant,11.0,Thursday,2022-10-06,17:29:26,October,10,17,2022
2022-10-06 17:40:04,Transport,0.9,Thursday,2022-10-06,17:40:04,October,10,17,2022
2022-10-06 18:03:26,Market,3.0,Thursday,2022-10-06,18:03:26,October,10,18,2022
2022-10-07 04:52:02,Market,2.2,Friday,2022-10-07,04:52:02,October,10,4,2022
2022-10-07 09:11:45,Business lunch,10.0,Friday,2022-10-07,09:11:45,October,10,9,2022
2022-10-07 10:32:38,Coffe,7.0,Friday,2022-10-07,10:32:38,October,10,10,2022
2022-10-07 17:46:25,Market,2.0,Friday,2022-10-07,17:46:25,October,10,17,2022
2022-10-08 05:10:24,Communal,45.0,Saturday,2022-10-08,05:10:24,October,10,5,2022
2022-10-08 05:10:26,Market,5.0,Saturday,2022-10-08,05:10:26,October,10,5,2022
2022-10-08 05:57:17,Phone,3.0,Saturday,2022-10-08,05:57:17,October,10,5,2022
2022-10-08 07:39:53,Coffe,13.0,Saturday,2022-10-08,07:39:53,October,10,7,2022
2022-10-08 09:20:38,Coffe,6.7,Saturday,2022-10-08,09:20:38,October,10,9,2022
2022-10-08 11:46:28,Coffe,6.7,Saturday,2022-10-08,11:46:28,October,10,11,2022
2022-10-08 15:44:06,Restuarant,30.0,Saturday,2022-10-08,15:44:06,October,10,15,2022
2022-10-09 06:59:43,Transport,7.0,Sunday,2022-10-09,06:59:43,October,10,6,2022
2022-10-09 07:28:13,Phone,10.0,Sunday,2022-10-09,07:28:13,October,10,7,2022
2022-10-09 10:15:41,Coffe,19.0,Sunday,2022-10-09,10:15:41,October,10,10,2022
2022-10-09 11:30:33,Coffe,6.7,Sunday,2022-10-09,11:30:33,October,10,11,2022
2022-10-09 17:35:33,Restuarant,12.0,Sunday,2022-10-09,17:35:33,October,10,17,2022
2022-10-09 17:35:36,Coffe,6.7,Sunday,2022-10-09,17:35:36,October,10,17,2022
2022-10-09 20:33:58,Taxi,6.0,Sunday,2022-10-09,20:33:58,October,10,20,2022
2022-10-09 20:55:18,Market,2.8,Sunday,2022-10-09,20:55:18,October,10,20,2022
2022-10-10 05:22:11,Coffe,5.7,Monday,2022-10-10,05:22:11,October,10,5,2022
2022-10-10 08:17:31,Coffe,6.7,Monday,2022-10-10,08:17:31,October,10,8,2022
2022-10-10 11:27:54,Coffe,6.6,Monday,2022-10-10,11:27:54,October,10,11,2022
2022-10-10 11:27:56,Coffe,1.6,Monday,2022-10-10,11:27:56,October,10,11,2022
2022-10-10 17:39:46,Restuarant,16.0,Monday,2022-10-10,17:39:46,October,10,17,2022
2022-10-10 17:39:56,Coffe,16.0,Monday,2022-10-10,17:39:56,October,10,17,2022
2022-10-11 05:00:14,Market,1.0,Tuesday,2022-10-11,05:00:14,October,10,5,2022
2022-10-11 09:34:57,Business lunch,9.0,Tuesday,2022-10-11,09:34:57,October,10,9,2022
2022-10-11 10:22:25,Restuarant,7.0,Tuesday,2022-10-11,10:22:25,October,10,10,2022
2022-10-11 15:01:28,Coffe,6.7,Tuesday,2022-10-11,15:01:28,October,10,15,2022
2022-10-11 15:45:08,Learning,6.7,Tuesday,2022-10-11,15:45:08,October,10,15,2022
2022-10-11 15:50:45,Coffe,6.7,Tuesday,2022-10-11,15:50:45,October,10,15,2022
2022-10-11 17:12:47,Transport,1.0,Tuesday,2022-10-11,17:12:47,October,10,17,2022
2022-10-11 18:01:37,Market,1.2,Tuesday,2022-10-11,18:01:37,October,10,18,2022
2022-10-12 05:07:19,Market,1.0,Wednesday,2022-10-12,05:07:19,October,10,5,2022
2022-10-12 10:28:23,Restuarant,14.0,Wednesday,2022-10-12,10:28:23,October,10,10,2022
2022-10-12 10:28:25,Business lunch,5.0,Wednesday,2022-10-12,10:28:25,October,10,10,2022
2022-10-12 14:45:32,Coffe,5.7,Wednesday,2022-10-12,14:45:32,October,10,14,2022
2022-10-12 16:21:50,Coffe,5.7,Wednesday,2022-10-12,16:21:50,October,10,16,2022
2022-10-13 04:19:01,Events,20.0,Thursday,2022-10-13,04:19:01,October,10,4,2022
2022-10-13 05:04:27,Market,3.7,Thursday,2022-10-13,05:04:27,October,10,5,2022
2022-10-13 09:17:00,Business lunch,9.0,Thursday,2022-10-13,09:17:00,October,10,9,2022
2022-10-13 09:17:21,Restuarant,14.0,Thursday,2022-10-13,09:17:21,October,10,9,2022
2022-10-13 12:19:03,Market,0.6,Thursday,2022-10-13,12:19:03,October,10,12,2022
2022-10-13 14:35:09,Coffe,7.0,Thursday,2022-10-13,14:35:09,October,10,14,2022
2022-10-13 16:28:04,Coffe,5.7,Thursday,2022-10-13,16:28:04,October,10,16,2022
2022-10-13 19:30:06,Market,5.49,Thursday,2022-10-13,19:30:06,October,10,19,2022
2022-10-14 04:25:26,Market,1.5,Friday,2022-10-14,04:25:26,October,10,4,2022
2022-10-14 09:38:09,Business lunch,11.0,Friday,2022-10-14,09:38:09,October,10,9,2022
2022-10-14 14:39:30,Coffe,5.7,Friday,2022-10-14,14:39:30,October,10,14,2022
2022-10-14 16:36:10,Coffe,6.77,Friday,2022-10-14,16:36:10,October,10,16,2022
2022-10-15 10:29:23,Taxi,5.0,Saturday,2022-10-15,10:29:23,October,10,10,2022
2022-10-15 10:29:37,Coffe,5.7,Saturday,2022-10-15,10:29:37,October,10,10,2022
2022-10-15 10:51:31,Coffe,11.2,Saturday,2022-10-15,10:51:31,October,10,10,2022
2022-10-15 11:36:06,Clothing,100.0,Saturday,2022-10-15,11:36:06,October,10,11,2022
2022-10-15 14:03:54,Coffe,5.7,Saturday,2022-10-15,14:03:54,October,10,14,2022
2022-10-15 15:21:28,Coffe,5.4,Saturday,2022-10-15,15:21:28,October,10,15,2022
2022-10-15 19:11:40,Market,1.0,Saturday,2022-10-15,19:11:40,October,10,19,2022
2022-10-15 19:11:50,Market,0.7,Saturday,2022-10-15,19:11:50,October,10,19,2022
2022-10-16 09:46:17,Restuarant,11.0,Sunday,2022-10-16,09:46:17,October,10,9,2022
2022-10-16 11:59:06,Restuarant,2.0,Sunday,2022-10-16,11:59:06,October,10,11,2022
2022-10-16 14:09:32,Coffe,6.5,Sunday,2022-10-16,14:09:32,October,10,14,2022
2022-10-16 14:50:01,Transport,2.0,Sunday,2022-10-16,14:50:01,October,10,14,2022
2022-10-16 15:39:12,Market,9.0,Sunday,2022-10-16,15:39:12,October,10,15,2022
2022-10-17 06:19:06,Communal,150.0,Monday,2022-10-17,06:19:06,October,10,6,2022
2022-10-17 10:04:30,Business lunch,10.0,Monday,2022-10-17,10:04:30,October,10,10,2022
2022-10-18 03:41:06,Market,1.8,Tuesday,2022-10-18,03:41:06,October,10,3,2022
2022-10-18 08:39:21,Business lunch,4.0,Tuesday,2022-10-18,08:39:21,October,10,8,2022
2022-10-18 09:28:52,Market,0.6,Tuesday,2022-10-18,09:28:52,October,10,9,2022
2022-10-18 18:17:46,Transport,2.0,Tuesday,2022-10-18,18:17:46,October,10,18,2022
2022-10-18 18:21:02,Restuarant,18.0,Tuesday,2022-10-18,18:21:02,October,10,18,2022
2022-10-19 06:40:18,Learning,21.0,Wednesday,2022-10-19,06:40:18,October,10,6,2022
2022-10-19 06:40:34,Coffe,11.4,Wednesday,2022-10-19,06:40:34,October,10,6,2022
2022-10-19 09:51:42,Restuarant,5.2,Wednesday,2022-10-19,09:51:42,October,10,9,2022
2022-10-19 10:27:13,Coffe,6.7,Wednesday,2022-10-19,10:27:13,October,10,10,2022
2022-10-19 12:50:03,Coffe,5.7,Wednesday,2022-10-19,12:50:03,October,10,12,2022
2022-10-19 17:50:07,Restuarant,12.0,Wednesday,2022-10-19,17:50:07,October,10,17,2022
2022-10-19 18:23:40,Sport,2.46,Wednesday,2022-10-19,18:23:40,October,10,18,2022
2022-10-20 07:45:42,Coffe,13.0,Thursday,2022-10-20,07:45:42,October,10,7,2022
2022-10-20 07:49:10,Phone,1.0,Thursday,2022-10-20,07:49:10,October,10,7,2022
2022-10-20 08:01:52,Coffe,5.7,Thursday,2022-10-20,08:01:52,October,10,8,2022
2022-10-20 09:49:02,Coffe,6.0,Thursday,2022-10-20,09:49:02,October,10,9,2022
2022-10-20 13:25:26,Coffe,7.0,Thursday,2022-10-20,13:25:26,October,10,13,2022
2022-10-20 14:50:37,Coffe,6.0,Thursday,2022-10-20,14:50:37,October,10,14,2022
2022-10-20 15:29:26,Coffe,1.6,Thursday,2022-10-20,15:29:26,October,10,15,2022
2022-10-21 13:25:10,Coffe,11.5,Friday,2022-10-21,13:25:10,October,10,13,2022
2022-10-21 16:49:44,Coffe,13.2,Friday,2022-10-21,16:49:44,October,10,16,2022
2022-10-22 07:57:18,Learning,135.0,Saturday,2022-10-22,07:57:18,October,10,7,2022
2022-10-22 11:35:57,Coffe,14.0,Saturday,2022-10-22,11:35:57,October,10,11,2022
2022-10-22 15:42:41,Coffe,5.7,Saturday,2022-10-22,15:42:41,October,10,15,2022
2022-10-22 16:40:20,Market,4.43,Saturday,2022-10-22,16:40:20,October,10,16,2022
2022-10-23 11:18:11,Coffe,10.5,Sunday,2022-10-23,11:18:11,October,10,11,2022
2022-10-23 11:53:04,Taxi,4.0,Sunday,2022-10-23,11:53:04,October,10,11,2022
2022-10-23 12:51:04,Coffe,5.7,Sunday,2022-10-23,12:51:04,October,10,12,2022
2022-10-23 13:06:50,Transport,5.0,Sunday,2022-10-23,13:06:50,October,10,13,2022
2022-10-23 14:26:54,Coffe,11.7,Sunday,2022-10-23,14:26:54,October,10,14,2022
2022-10-23 17:10:34,Market,6.0,Sunday,2022-10-23,17:10:34,October,10,17,2022
2022-10-24 04:46:58,Market,1.0,Monday,2022-10-24,04:46:58,October,10,4,2022
2022-10-24 05:19:04,Learning,43.0,Monday,2022-10-24,05:19:04,October,10,5,2022
2022-10-24 09:45:33,Business lunch,7.0,Monday,2022-10-24,09:45:33,October,10,9,2022
2022-10-24 12:58:50,Coffe,0.6,Monday,2022-10-24,12:58:50,October,10,12,2022
2022-10-24 14:07:37,Coffe,7.7,Monday,2022-10-24,14:07:37,October,10,14,2022
2022-10-24 16:45:36,Coffe,5.7,Monday,2022-10-24,16:45:36,October,10,16,2022
2022-10-25 08:19:42,Business lunch,5.0,Tuesday,2022-10-25,08:19:42,October,10,8,2022
2022-10-25 08:20:03,Phone,5.0,Tuesday,2022-10-25,08:20:03,October,10,8,2022
2022-10-25 09:46:21,Coffe,6.0,Tuesday,2022-10-25,09:46:21,October,10,9,2022
2022-10-25 14:35:52,Coffe,12.0,Tuesday,2022-10-25,14:35:52,October,10,14,2022
2022-10-25 18:53:02,Restuarant,4.0,Tuesday,2022-10-25,18:53:02,October,10,18,2022
2022-10-26 04:55:08,Market,4.5,Wednesday,2022-10-26,04:55:08,October,10,4,2022
2022-10-26 19:01:41,Coffe,7.7,Wednesday,2022-10-26,19:01:41,October,10,19,2022
2022-10-26 19:08:52,Business lunch,11.52,Wednesday,2022-10-26,19:08:52,October,10,19,2022
2022-10-27 09:08:10,Business lunch,41.0,Thursday,2022-10-27,09:08:10,October,10,9,2022
2022-10-27 09:24:48,Market,0.6,Thursday,2022-10-27,09:24:48,October,10,9,2022
2022-10-28 03:31:25,Market,1.9,Friday,2022-10-28,03:31:25,October,10,3,2022
2022-10-28 09:39:43,Business lunch,10.0,Friday,2022-10-28,09:39:43,October,10,9,2022
2022-10-28 14:27:44,Coffe,10.4,Friday,2022-10-28,14:27:44,October,10,14,2022
2022-10-29 06:58:58,Coffe,13.0,Saturday,2022-10-29,06:58:58,October,10,6,2022
2022-10-29 06:59:00,Restuarant,39.0,Saturday,2022-10-29,06:59:00,October,10,6,2022
2022-10-29 09:40:51,Coffe,5.7,Saturday,2022-10-29,09:40:51,October,10,9,2022
2022-10-29 12:30:17,Health,10.0,Saturday,2022-10-29,12:30:17,October,10,12,2022
2022-10-29 12:30:22,Market,1.2,Saturday,2022-10-29,12:30:22,October,10,12,2022
2022-10-29 12:36:28,Market,1.5,Saturday,2022-10-29,12:36:28,October,10,12,2022
2022-10-30 05:08:03,Transport,5.0,Sunday,2022-10-30,05:08:03,October,10,5,2022
2022-10-30 05:08:11,Coffe,6.7,Sunday,2022-10-30,05:08:11,October,10,5,2022
2022-10-30 11:10:48,Transport,3.0,Sunday,2022-10-30,11:10:48,October,10,11,2022
2022-10-30 11:46:35,Events,20.0,Sunday,2022-10-30,11:46:35,October,10,11,2022
2022-10-30 11:47:24,Restuarant,23.0,Sunday,2022-10-30,11:47:24,October,10,11,2022
2022-10-30 12:55:08,Coffe,5.7,Sunday,2022-10-30,12:55:08,October,10,12,2022
2022-10-31 04:47:13,Market,1.0,Monday,2022-10-31,04:47:13,October,10,4,2022
2022-10-31 04:49:21,Market,20.0,Monday,2022-10-31,04:49:21,October,10,4,2022
2022-10-31 09:09:18,Business lunch,9.0,Monday,2022-10-31,09:09:18,October,10,9,2022
2022-10-31 11:17:48,Coffe,2.7,Monday,2022-10-31,11:17:48,October,10,11,2022
2022-10-31 18:06:28,Coffe,7.0,Monday,2022-10-31,18:06:28,October,10,18,2022
2022-10-31 18:06:31,Restuarant,6.0,Monday,2022-10-31,18:06:31,October,10,18,2022
2022-11-01 04:48:38,Market,1.9,Tuesday,2022-11-01,04:48:38,November,11,4,2022
2022-11-01 10:11:55,Business lunch,9.0,Tuesday,2022-11-01,10:11:55,November,11,10,2022
2022-11-01 15:38:00,Transport,4.0,Tuesday,2022-11-01,15:38:00,November,11,15,2022
2022-11-02 05:04:43,Market,1.5,Wednesday,2022-11-02,05:04:43,November,11,5,2022
2022-11-02 05:09:46,Phone,10.0,Wednesday,2022-11-02,05:09:46,November,11,5,2022
2022-11-02 07:15:31,Market,3.14,Wednesday,2022-11-02,07:15:31,November,11,7,2022
2022-11-02 09:11:09,Business lunch,5.5,Wednesday,2022-11-02,09:11:09,November,11,9,2022
2022-11-02 14:26:45,Coffe,8.0,Wednesday,2022-11-02,14:26:45,November,11,14,2022
2022-11-03 05:04:13,Market,1.92,Thursday,2022-11-03,05:04:13,November,11,5,2022
2022-11-03 08:54:27,Business lunch,6.0,Thursday,2022-11-03,08:54:27,November,11,8,2022
2022-11-03 14:35:37,Coffe,6.7,Thursday,2022-11-03,14:35:37,November,11,14,2022
2022-11-04 06:41:26,Market,6.3,Friday,2022-11-04,06:41:26,November,11,6,2022
2022-11-04 08:52:46,Business lunch,6.0,Friday,2022-11-04,08:52:46,November,11,8,2022
2022-11-04 10:28:03,Coffe,6.58,Friday,2022-11-04,10:28:03,November,11,10,2022
2022-11-04 10:28:06,Market,0.6,Friday,2022-11-04,10:28:06,November,11,10,2022
2022-11-04 14:23:23,Coffe,7.0,Friday,2022-11-04,14:23:23,November,11,14,2022
2022-11-04 18:12:18,Restuarant,39.0,Friday,2022-11-04,18:12:18,November,11,18,2022
2022-11-05 05:12:30,Market,2.22,Saturday,2022-11-05,05:12:30,November,11,5,2022
2022-11-05 09:46:01,Market,1.32,Saturday,2022-11-05,09:46:01,November,11,9,2022
2022-11-05 09:46:05,Business lunch,10.0,Saturday,2022-11-05,09:46:05,November,11,9,2022
2022-11-05 14:47:50,Coffe,5.7,Saturday,2022-11-05,14:47:50,November,11,14,2022
2022-11-05 16:02:04,Coffe,5.7,Saturday,2022-11-05,16:02:04,November,11,16,2022
2022-11-05 17:50:42,Market,7.2,Saturday,2022-11-05,17:50:42,November,11,17,2022
2022-11-06 09:22:16,Transport,0.7,Sunday,2022-11-06,09:22:16,November,11,9,2022
2022-11-06 11:34:16,Coffe,15.7,Sunday,2022-11-06,11:34:16,November,11,11,2022
2022-11-06 13:53:38,Coffe,12.6,Sunday,2022-11-06,13:53:38,November,11,13,2022
2022-11-06 17:08:45,Market,8.7,Sunday,2022-11-06,17:08:45,November,11,17,2022
2022-11-07 06:12:35,Market,4.2,Monday,2022-11-07,06:12:35,November,11,6,2022
2022-11-07 06:58:50,Coffe,6.1,Monday,2022-11-07,06:58:50,November,11,6,2022
2022-11-07 12:36:17,Restuarant,9.45,Monday,2022-11-07,12:36:17,November,11,12,2022
2022-11-08 09:45:58,Coffe,10.3,Tuesday,2022-11-08,09:45:58,November,11,9,2022
2022-11-08 11:40:34,Coffe,6.5,Tuesday,2022-11-08,11:40:34,November,11,11,2022
2022-11-08 14:08:41,Coffe,6.1,Tuesday,2022-11-08,14:08:41,November,11,14,2022
2022-11-08 17:32:55,Market,23.77,Tuesday,2022-11-08,17:32:55,November,11,17,2022
2022-11-09 10:13:11,Coffe,6.1,Wednesday,2022-11-09,10:13:11,November,11,10,2022
2022-11-09 13:59:22,Coffe,6.1,Wednesday,2022-11-09,13:59:22,November,11,13,2022
2022-11-09 14:02:31,Transport,3.0,Wednesday,2022-11-09,14:02:31,November,11,14,2022
2022-11-09 16:49:25,Restuarant,5.4,Wednesday,2022-11-09,16:49:25,November,11,16,2022
2022-11-10 09:51:06,Coffe,6.1,Thursday,2022-11-10,09:51:06,November,11,9,2022
2022-11-10 11:58:29,Restuarant,7.1,Thursday,2022-11-10,11:58:29,November,11,11,2022
2022-11-10 12:04:12,Coffe,6.7,Thursday,2022-11-10,12:04:12,November,11,12,2022
2022-11-10 14:01:47,Coffe,6.1,Thursday,2022-11-10,14:01:47,November,11,14,2022
2022-11-11 03:30:22,Taxi,7.0,Friday,2022-11-11,03:30:22,November,11,3,2022
2022-11-11 03:30:23,Taxi,6.0,Friday,2022-11-11,03:30:23,November,11,3,2022
2022-11-11 05:04:14,Market,12.0,Friday,2022-11-11,05:04:14,November,11,5,2022
2022-11-11 05:53:00,Taxi,3.0,Friday,2022-11-11,05:53:00,November,11,5,2022
2022-11-11 07:20:38,Taxi,6.0,Friday,2022-11-11,07:20:38,November,11,7,2022
2022-11-11 07:20:41,Taxi,5.0,Friday,2022-11-11,07:20:41,November,11,7,2022
2022-11-11 09:01:46,Restuarant,7.1,Friday,2022-11-11,09:01:46,November,11,9,2022
2022-11-11 09:01:50,Transport,0.6,Friday,2022-11-11,09:01:50,November,11,9,2022
2022-11-11 14:24:01,Coffe,7.0,Friday,2022-11-11,14:24:01,November,11,14,2022
2022-11-11 15:45:00,Coffe,1.5,Friday,2022-11-11,15:45:00,November,11,15,2022
2022-11-11 20:12:18,Market,7.67,Friday,2022-11-11,20:12:18,November,11,20,2022
2022-11-12 12:38:55,Coffe,17.6,Saturday,2022-11-12,12:38:55,November,11,12,2022
2022-11-12 14:44:51,Coffe,6.1,Saturday,2022-11-12,14:44:51,November,11,14,2022
2022-11-12 18:46:31,Market,8.52,Saturday,2022-11-12,18:46:31,November,11,18,2022
2022-11-13 06:45:38,Coffe,6.1,Sunday,2022-11-13,06:45:38,November,11,6,2022
2022-11-13 11:21:11,Coffe,13.0,Sunday,2022-11-13,11:21:11,November,11,11,2022
2022-11-14 04:11:22,Market,4.32,Monday,2022-11-14,04:11:22,November,11,4,2022
2022-11-14 11:06:59,Market,8.0,Monday,2022-11-14,11:06:59,November,11,11,2022
2022-11-14 11:08:52,Business lunch,5.0,Monday,2022-11-14,11:08:52,November,11,11,2022
2022-11-14 14:48:09,Coffe,6.1,Monday,2022-11-14,14:48:09,November,11,14,2022
2022-11-14 15:44:53,Coffe,6.1,Monday,2022-11-14,15:44:53,November,11,15,2022
2022-11-14 17:08:57,Coffe,6.5,Monday,2022-11-14,17:08:57,November,11,17,2022
2022-11-14 19:24:49,Market,2.9,Monday,2022-11-14,19:24:49,November,11,19,2022
2022-11-15 10:45:39,Market,1.94,Tuesday,2022-11-15,10:45:39,November,11,10,2022
2022-11-15 10:45:59,Market,0.65,Tuesday,2022-11-15,10:45:59,November,11,10,2022
2022-11-15 10:46:00,Business lunch,15.0,Tuesday,2022-11-15,10:46:00,November,11,10,2022
2022-11-15 15:46:18,Coffe,7.0,Tuesday,2022-11-15,15:46:18,November,11,15,2022
2022-11-16 04:25:32,Health,10.0,Wednesday,2022-11-16,04:25:32,November,11,4,2022
2022-11-16 04:52:09,Market,1.4,Wednesday,2022-11-16,04:52:09,November,11,4,2022
2022-11-16 09:06:10,Restuarant,6.0,Wednesday,2022-11-16,09:06:10,November,11,9,2022
2022-11-16 14:35:43,Coffe,6.1,Wednesday,2022-11-16,14:35:43,November,11,14,2022
2022-11-16 17:01:36,Coffe,6.1,Wednesday,2022-11-16,17:01:36,November,11,17,2022
2022-11-17 08:57:19,Business lunch,8.0,Thursday,2022-11-17,08:57:19,November,11,8,2022
2022-11-17 08:57:23,Market,2.0,Thursday,2022-11-17,08:57:23,November,11,8,2022
2022-11-17 18:13:52,Market,5.63,Thursday,2022-11-17,18:13:52,November,11,18,2022
2022-11-18 04:31:47,Market,1.37,Friday,2022-11-18,04:31:47,November,11,4,2022
2022-11-18 09:01:12,Business lunch,6.0,Friday,2022-11-18,09:01:12,November,11,9,2022
2022-11-18 09:51:45,Market,0.72,Friday,2022-11-18,09:51:45,November,11,9,2022
2022-11-18 16:45:14,Coffe,6.1,Friday,2022-11-18,16:45:14,November,11,16,2022
2022-11-18 17:39:25,Market,15.0,Friday,2022-11-18,17:39:25,November,11,17,2022
2022-11-18 17:39:31,Learning,8.0,Friday,2022-11-18,17:39:31,November,11,17,2022
2022-11-19 16:34:50,Coffe,6.9,Saturday,2022-11-19,16:34:50,November,11,16,2022
2022-11-19 20:12:29,Coffe,6.7,Saturday,2022-11-19,20:12:29,November,11,20,2022
2022-11-19 21:48:58,Taxi,6.0,Saturday,2022-11-19,21:48:58,November,11,21,2022
2022-11-19 21:50:28,Market,2.1,Saturday,2022-11-19,21:50:28,November,11,21,2022
2022-11-20 15:04:14,Coffe,20.1,Sunday,2022-11-20,15:04:14,November,11,15,2022
2022-11-20 15:06:45,Restuarant,19.0,Sunday,2022-11-20,15:06:45,November,11,15,2022
2022-11-20 15:18:16,Coffe,6.7,Sunday,2022-11-20,15:18:16,November,11,15,2022
2022-11-20 15:18:23,Events,50.0,Sunday,2022-11-20,15:18:23,November,11,15,2022
2022-11-21 11:15:37,Coffe,6.7,Monday,2022-11-21,11:15:37,November,11,11,2022
2022-11-21 13:53:50,Market,10.0,Monday,2022-11-21,13:53:50,November,11,13,2022
2022-11-21 13:57:49,Coffe,7.0,Monday,2022-11-21,13:57:49,November,11,13,2022
2022-11-21 17:32:56,Restuarant,7.5,Monday,2022-11-21,17:32:56,November,11,17,2022
2022-11-22 04:02:07,Market,10.0,Tuesday,2022-11-22,04:02:07,November,11,4,2022
2022-11-22 04:02:16,Transport,2.0,Tuesday,2022-11-22,04:02:16,November,11,4,2022
2022-11-22 05:20:56,Learning,17.0,Tuesday,2022-11-22,05:20:56,November,11,5,2022
2022-11-22 05:29:48,Phone,3.0,Tuesday,2022-11-22,05:29:48,November,11,5,2022
2022-11-22 08:58:37,Business lunch,7.0,Tuesday,2022-11-22,08:58:37,November,11,8,2022
2022-11-22 09:20:31,Market,0.7,Tuesday,2022-11-22,09:20:31,November,11,9,2022
2022-11-22 09:26:20,Market,1.45,Tuesday,2022-11-22,09:26:20,November,11,9,2022
2022-11-22 16:28:47,Coffe,6.7,Tuesday,2022-11-22,16:28:47,November,11,16,2022
2022-11-22 16:28:55,Restuarant,18.0,Tuesday,2022-11-22,16:28:55,November,11,16,2022
2022-11-23 04:29:38,Market,1.6,Wednesday,2022-11-23,04:29:38,November,11,4,2022
2022-11-23 09:23:55,Business lunch,7.0,Wednesday,2022-11-23,09:23:55,November,11,9,2022
2022-11-23 09:41:41,Market,0.72,Wednesday,2022-11-23,09:41:41,November,11,9,2022
2022-11-23 14:32:17,Coffe,6.7,Wednesday,2022-11-23,14:32:17,November,11,14,2022
2022-11-23 17:10:32,Coffe,6.7,Wednesday,2022-11-23,17:10:32,November,11,17,2022
2022-11-24 04:56:09,Market,1.9,Thursday,2022-11-24,04:56:09,November,11,4,2022
2022-11-24 09:02:05,Transport,5.0,Thursday,2022-11-24,09:02:05,November,11,9,2022
2022-11-24 09:02:06,Business lunch,7.0,Thursday,2022-11-24,09:02:06,November,11,9,2022
2022-11-24 12:39:35,Market,1.5,Thursday,2022-11-24,12:39:35,November,11,12,2022
2022-11-24 12:39:38,Events,7.5,Thursday,2022-11-24,12:39:38,November,11,12,2022
2022-11-24 14:54:36,Coffe,6.7,Thursday,2022-11-24,14:54:36,November,11,14,2022
2022-11-24 16:37:00,Market,6.71,Thursday,2022-11-24,16:37:00,November,11,16,2022
2022-11-25 05:27:32,Market,1.72,Friday,2022-11-25,05:27:32,November,11,5,2022
2022-11-25 09:03:32,Business lunch,9.0,Friday,2022-11-25,09:03:32,November,11,9,2022
2022-11-25 11:17:43,Learning,14.0,Friday,2022-11-25,11:17:43,November,11,11,2022
2022-11-25 12:17:33,Coffe,8.0,Friday,2022-11-25,12:17:33,November,11,12,2022
2022-11-25 14:07:14,Coffe,6.2,Friday,2022-11-25,14:07:14,November,11,14,2022
2022-11-25 14:07:15,Phone,5.0,Friday,2022-11-25,14:07:15,November,11,14,2022
2022-11-25 16:14:04,Market,5.88,Friday,2022-11-25,16:14:04,November,11,16,2022
2022-11-26 08:38:56,Coffe,6.7,Saturday,2022-11-26,08:38:56,November,11,8,2022
2022-11-26 10:10:28,Restuarant,7.1,Saturday,2022-11-26,10:10:28,November,11,10,2022
2022-11-26 10:35:29,Coffe,6.7,Saturday,2022-11-26,10:35:29,November,11,10,2022
2022-11-26 10:39:55,Coffe,6.7,Saturday,2022-11-26,10:39:55,November,11,10,2022
2022-11-26 18:08:31,Coffe,6.6,Saturday,2022-11-26,18:08:31,November,11,18,2022
2022-11-26 19:20:28,Market,5.7,Saturday,2022-11-26,19:20:28,November,11,19,2022
2022-11-27 06:57:37,Coffe,6.7,Sunday,2022-11-27,06:57:37,November,11,6,2022
2022-11-27 10:19:01,Coffe,6.7,Sunday,2022-11-27,10:19:01,November,11,10,2022
2022-11-27 13:22:30,Market,4.0,Sunday,2022-11-27,13:22:30,November,11,13,2022
2022-11-28 04:48:55,Market,1.17,Monday,2022-11-28,04:48:55,November,11,4,2022
2022-11-28 10:34:45,Restuarant,14.0,Monday,2022-11-28,10:34:45,November,11,10,2022
2022-11-28 10:34:46,Business lunch,7.0,Monday,2022-11-28,10:34:46,November,11,10,2022
2022-11-28 15:36:22,Transport,1.0,Monday,2022-11-28,15:36:22,November,11,15,2022
2022-11-29 05:44:52,Taxi,2.0,Tuesday,2022-11-29,05:44:52,November,11,5,2022
2022-11-29 08:59:53,Taxi,2.0,Tuesday,2022-11-29,08:59:53,November,11,8,2022
2022-11-29 08:59:56,Taxi,3.62,Tuesday,2022-11-29,08:59:56,November,11,8,2022
2022-11-29 08:59:58,Coffe,5.0,Tuesday,2022-11-29,08:59:58,November,11,8,2022
2022-11-29 16:03:25,Market,3.62,Tuesday,2022-11-29,16:03:25,November,11,16,2022
2022-11-30 04:52:45,Market,1.4,Wednesday,2022-11-30,04:52:45,November,11,4,2022
2022-11-30 09:55:49,Business lunch,8.0,Wednesday,2022-11-30,09:55:49,November,11,9,2022
2022-11-30 14:32:16,Coffe,7.1,Wednesday,2022-11-30,14:32:16,November,11,14,2022
2022-11-30 15:45:21,Coffe,4.0,Wednesday,2022-11-30,15:45:21,November,11,15,2022
2022-11-30 18:40:24,Restuarant,11.5,Wednesday,2022-11-30,18:40:24,November,11,18,2022
2022-12-01 04:45:09,Market,2.7,Thursday,2022-12-01,04:45:09,December,12,4,2022
2022-12-01 13:13:37,Business lunch,7.0,Thursday,2022-12-01,13:13:37,December,12,13,2022
2022-12-01 14:26:59,Coffe,6.7,Thursday,2022-12-01,14:26:59,December,12,14,2022
2022-12-01 17:14:25,Transport,6.0,Thursday,2022-12-01,17:14:25,December,12,17,2022
2022-12-02 05:01:19,Market,9.5,Friday,2022-12-02,05:01:19,December,12,5,2022
2022-12-02 07:40:21,Phone,0.88,Friday,2022-12-02,07:40:21,December,12,7,2022
2022-12-02 09:59:37,Health,57.0,Friday,2022-12-02,09:59:37,December,12,9,2022
2022-12-02 09:59:41,Business lunch,10.0,Friday,2022-12-02,09:59:41,December,12,9,2022
2022-12-02 14:29:42,Coffe,6.7,Friday,2022-12-02,14:29:42,December,12,14,2022
2022-12-02 19:24:43,Market,7.7,Friday,2022-12-02,19:24:43,December,12,19,2022
2022-12-03 06:33:32,Coffe,6.7,Saturday,2022-12-03,06:33:32,December,12,6,2022
2022-12-03 08:37:27,Coffe,6.7,Saturday,2022-12-03,08:37:27,December,12,8,2022
2022-12-03 11:54:34,Coffe,6.7,Saturday,2022-12-03,11:54:34,December,12,11,2022
2022-12-03 13:55:44,Coffe,6.7,Saturday,2022-12-03,13:55:44,December,12,13,2022
2022-12-03 17:04:40,Market,19.0,Saturday,2022-12-03,17:04:40,December,12,17,2022
2022-12-03 17:09:27,Health,10.0,Saturday,2022-12-03,17:09:27,December,12,17,2022
2022-12-04 04:38:41,Coffe,6.9,Sunday,2022-12-04,04:38:41,December,12,4,2022
2022-12-04 06:33:05,Coffe,6.5,Sunday,2022-12-04,06:33:05,December,12,6,2022
2022-12-04 09:45:50,Restuarant,5.2,Sunday,2022-12-04,09:45:50,December,12,9,2022
2022-12-04 09:48:53,Coffe,6.7,Sunday,2022-12-04,09:48:53,December,12,9,2022
2022-12-04 11:29:31,Coffe,6.7,Sunday,2022-12-04,11:29:31,December,12,11,2022
2022-12-04 14:13:15,Clothing,7.0,Sunday,2022-12-04,14:13:15,December,12,14,2022
2022-12-04 14:34:46,Coffe,6.1,Sunday,2022-12-04,14:34:46,December,12,14,2022
2022-12-05 06:20:37,Learning,20.0,Monday,2022-12-05,06:20:37,December,12,6,2022
2022-12-05 06:59:18,Travel,55.0,Monday,2022-12-05,06:59:18,December,12,6,2022
2022-12-05 12:52:11,Business lunch,10.0,Monday,2022-12-05,12:52:11,December,12,12,2022
2022-12-05 14:31:07,Coffe,7.6,Monday,2022-12-05,14:31:07,December,12,14,2022
2022-12-05 15:52:45,Coffe,7.6,Monday,2022-12-05,15:52:45,December,12,15,2022
2022-12-05 18:29:24,Market,11.7,Monday,2022-12-05,18:29:24,December,12,18,2022
2022-12-06 09:23:04,Business lunch,7.0,Tuesday,2022-12-06,09:23:04,December,12,9,2022
2022-12-06 14:34:15,Coffe,6.7,Tuesday,2022-12-06,14:34:15,December,12,14,2022
2022-12-06 18:15:46,Market,8.0,Tuesday,2022-12-06,18:15:46,December,12,18,2022
2022-12-07 04:47:30,Coffe,3.23,Wednesday,2022-12-07,04:47:30,December,12,4,2022
2022-12-07 07:14:31,Market,20.0,Wednesday,2022-12-07,07:14:31,December,12,7,2022
2022-12-07 08:59:54,Business lunch,7.0,Wednesday,2022-12-07,08:59:54,December,12,8,2022
2022-12-08 11:15:38,Restuarant,5.2,Thursday,2022-12-08,11:15:38,December,12,11,2022
2022-12-08 13:20:44,Coffe,6.7,Thursday,2022-12-08,13:20:44,December,12,13,2022
2022-12-08 14:29:19,Coffe,6.7,Thursday,2022-12-08,14:29:19,December,12,14,2022
2022-12-08 14:47:28,Coffe,6.7,Thursday,2022-12-08,14:47:28,December,12,14,2022
2022-12-08 16:37:18,Coffe,7.0,Thursday,2022-12-08,16:37:18,December,12,16,2022
2022-12-09 09:51:27,Coffe,7.6,Friday,2022-12-09,09:51:27,December,12,9,2022
2022-12-09 11:38:26,Coffe,6.9,Friday,2022-12-09,11:38:26,December,12,11,2022
2022-12-09 13:51:02,Coffe,13.6,Friday,2022-12-09,13:51:02,December,12,13,2022
2022-12-09 16:12:31,Coffe,6.7,Friday,2022-12-09,16:12:31,December,12,16,2022
2022-12-09 18:16:59,Market,9.75,Friday,2022-12-09,18:16:59,December,12,18,2022
2022-12-10 07:41:51,Coffe,6.7,Saturday,2022-12-10,07:41:51,December,12,7,2022
2022-12-10 11:47:47,Coffe,6.7,Saturday,2022-12-10,11:47:47,December,12,11,2022
2022-12-10 14:38:13,Market,6.8,Saturday,2022-12-10,14:38:13,December,12,14,2022
2022-12-11 08:43:51,Restuarant,13.2,Sunday,2022-12-11,08:43:51,December,12,8,2022
2022-12-11 08:56:44,Market,10.0,Sunday,2022-12-11,08:56:44,December,12,8,2022
2022-12-11 09:25:50,Coffe,6.7,Sunday,2022-12-11,09:25:50,December,12,9,2022
2022-12-12 04:46:40,Market,9.23,Monday,2022-12-12,04:46:40,December,12,4,2022
2022-12-12 09:32:50,Business lunch,7.0,Monday,2022-12-12,09:32:50,December,12,9,2022
2022-12-12 09:32:56,Events,12.5,Monday,2022-12-12,09:32:56,December,12,9,2022
2022-12-12 14:29:52,Coffe,6.7,Monday,2022-12-12,14:29:52,December,12,14,2022
2022-12-12 17:39:23,Market,13.0,Monday,2022-12-12,17:39:23,December,12,17,2022
2022-12-12 17:40:44,Health,36.0,Monday,2022-12-12,17:40:44,December,12,17,2022
2022-12-13 03:15:17,Learning,18.0,Tuesday,2022-12-13,03:15:17,December,12,3,2022
2022-12-13 07:39:08,Communal,170.0,Tuesday,2022-12-13,07:39:08,December,12,7,2022
2022-12-13 11:03:46,Business lunch,7.0,Tuesday,2022-12-13,11:03:46,December,12,11,2022
2022-12-13 14:36:42,Coffe,6.7,Tuesday,2022-12-13,14:36:42,December,12,14,2022
2022-12-13 17:12:47,Market,6.22,Tuesday,2022-12-13,17:12:47,December,12,17,2022
2022-12-14 05:11:13,Market,4.23,Wednesday,2022-12-14,05:11:13,December,12,5,2022
2022-12-14 05:17:25,Clothing,200.0,Wednesday,2022-12-14,05:17:25,December,12,5,2022
2022-12-14 10:12:47,Business lunch,7.0,Wednesday,2022-12-14,10:12:47,December,12,10,2022
2022-12-14 14:40:23,Coffe,6.7,Wednesday,2022-12-14,14:40:23,December,12,14,2022
2022-12-14 16:26:46,Coffe,6.7,Wednesday,2022-12-14,16:26:46,December,12,16,2022
2022-12-15 05:32:09,Market,6.4,Thursday,2022-12-15,05:32:09,December,12,5,2022
2022-12-15 09:32:46,Business lunch,10.0,Thursday,2022-12-15,09:32:46,December,12,9,2022
2022-12-15 14:35:52,Coffe,6.7,Thursday,2022-12-15,14:35:52,December,12,14,2022
2022-12-15 16:45:02,Coffe,6.7,Thursday,2022-12-15,16:45:02,December,12,16,2022
2022-12-16 04:40:56,Market,6.0,Friday,2022-12-16,04:40:56,December,12,4,2022
2022-12-16 09:25:34,Business lunch,10.0,Friday,2022-12-16,09:25:34,December,12,9,2022
2022-12-16 14:28:25,Coffe,7.0,Friday,2022-12-16,14:28:25,December,12,14,2022
2022-12-16 16:08:57,Phone,1.7,Friday,2022-12-16,16:08:57,December,12,16,2022
2022-12-16 17:39:44,Transport,5.0,Friday,2022-12-16,17:39:44,December,12,17,2022
2022-12-16 18:39:02,Market,9.2,Friday,2022-12-16,18:39:02,December,12,18,2022
2022-12-18 14:05:30,Learning,10.0,Sunday,2022-12-18,14:05:30,December,12,14,2022
2022-12-18 14:10:46,Coffe,6.7,Sunday,2022-12-18,14:10:46,December,12,14,2022
2022-12-18 17:52:54,Market,12.3,Sunday,2022-12-18,17:52:54,December,12,17,2022
2022-12-19 09:40:35,Market,1.4,Monday,2022-12-19,09:40:35,December,12,9,2022
2022-12-19 09:40:39,Business lunch,5.0,Monday,2022-12-19,09:40:39,December,12,9,2022
2022-12-19 14:39:19,Coffe,6.7,Monday,2022-12-19,14:39:19,December,12,14,2022
2022-12-20 04:50:56,Market,3.51,Tuesday,2022-12-20,04:50:56,December,12,4,2022
2022-12-20 08:41:42,Phone,1.21,Tuesday,2022-12-20,08:41:42,December,12,8,2022
2022-12-20 09:34:48,Business lunch,10.0,Tuesday,2022-12-20,09:34:48,December,12,9,2022
2022-12-20 09:35:45,Market,0.5,Tuesday,2022-12-20,09:35:45,December,12,9,2022
2022-12-20 15:19:58,Coffe,6.7,Tuesday,2022-12-20,15:19:58,December,12,15,2022
2022-12-21 09:16:18,Business lunch,7.0,Wednesday,2022-12-21,09:16:18,December,12,9,2022
2022-12-21 10:23:01,Coffe,6.7,Wednesday,2022-12-21,10:23:01,December,12,10,2022
2022-12-21 13:53:40,Coffe,6.7,Wednesday,2022-12-21,13:53:40,December,12,13,2022
2022-12-21 16:30:38,Coffe,6.7,Wednesday,2022-12-21,16:30:38,December,12,16,2022
2022-12-22 04:52:54,Market,3.0,Thursday,2022-12-22,04:52:54,December,12,4,2022
2022-12-22 09:17:45,Business lunch,7.0,Thursday,2022-12-22,09:17:45,December,12,9,2022
2022-12-22 14:29:31,Coffe,6.7,Thursday,2022-12-22,14:29:31,December,12,14,2022
2022-12-23 09:24:17,Market,1.22,Friday,2022-12-23,09:24:17,December,12,9,2022
2022-12-23 09:24:25,Business lunch,6.0,Friday,2022-12-23,09:24:25,December,12,9,2022
2022-12-23 14:39:03,Coffe,6.7,Friday,2022-12-23,14:39:03,December,12,14,2022
2022-12-23 16:39:46,Coffe,6.7,Friday,2022-12-23,16:39:46,December,12,16,2022
2022-12-24 10:24:55,Coffe,6.7,Saturday,2022-12-24,10:24:55,December,12,10,2022
2022-12-24 10:24:58,Restuarant,20.0,Saturday,2022-12-24,10:24:58,December,12,10,2022
2022-12-24 12:23:00,Coffe,6.7,Saturday,2022-12-24,12:23:00,December,12,12,2022
2022-12-24 14:18:34,Coffe,6.7,Saturday,2022-12-24,14:18:34,December,12,14,2022
2022-12-24 15:12:19,Learning,24.0,Saturday,2022-12-24,15:12:19,December,12,15,2022
2022-12-24 18:32:29,Market,1.44,Saturday,2022-12-24,18:32:29,December,12,18,2022
2022-12-25 08:08:47,Restuarant,5.2,Sunday,2022-12-25,08:08:47,December,12,8,2022
2022-12-25 08:14:53,Coffe,6.7,Sunday,2022-12-25,08:14:53,December,12,8,2022
2022-12-25 10:09:16,Coffe,6.7,Sunday,2022-12-25,10:09:16,December,12,10,2022
2022-12-25 12:07:29,Coffe,13.6,Sunday,2022-12-25,12:07:29,December,12,12,2022
2022-12-25 13:53:35,Coffe,6.7,Sunday,2022-12-25,13:53:35,December,12,13,2022
2022-12-25 17:50:06,Market,15.0,Sunday,2022-12-25,17:50:06,December,12,17,2022
2022-12-26 04:21:53,Transport,2.0,Monday,2022-12-26,04:21:53,December,12,4,2022
2022-12-26 04:48:45,Market,4.0,Monday,2022-12-26,04:48:45,December,12,4,2022
2022-12-26 05:20:09,Market,3.0,Monday,2022-12-26,05:20:09,December,12,5,2022
2022-12-26 05:20:12,Phone,15.0,Monday,2022-12-26,05:20:12,December,12,5,2022
2022-12-26 09:59:57,Business lunch,6.0,Monday,2022-12-26,09:59:57,December,12,9,2022
2022-12-26 14:32:07,Coffe,6.7,Monday,2022-12-26,14:32:07,December,12,14,2022
2022-12-26 16:55:17,Transport,3.0,Monday,2022-12-26,16:55:17,December,12,16,2022
2022-12-26 18:40:32,Market,2.23,Monday,2022-12-26,18:40:32,December,12,18,2022
2022-12-27 08:56:09,Market,1.15,Tuesday,2022-12-27,08:56:09,December,12,8,2022
2022-12-27 10:37:58,Coffe,6.7,Tuesday,2022-12-27,10:37:58,December,12,10,2022
2022-12-27 10:38:09,Transport,3.0,Tuesday,2022-12-27,10:38:09,December,12,10,2022
2022-12-27 14:00:52,Coffe,6.7,Tuesday,2022-12-27,14:00:52,December,12,14,2022
2022-12-27 15:32:04,Coffe,13.5,Tuesday,2022-12-27,15:32:04,December,12,15,2022
2022-12-27 19:25:08,Market,4.0,Tuesday,2022-12-27,19:25:08,December,12,19,2022
2022-12-28 07:51:17,Other,10.0,Wednesday,2022-12-28,07:51:17,December,12,7,2022
2022-12-28 11:38:26,Taxi,15.0,Wednesday,2022-12-28,11:38:26,December,12,11,2022
2022-12-28 11:38:33,Other,20.0,Wednesday,2022-12-28,11:38:33,December,12,11,2022
2022-12-28 11:38:41,Restuarant,16.0,Wednesday,2022-12-28,11:38:41,December,12,11,2022
2022-12-28 11:57:35,Taxi,1.0,Wednesday,2022-12-28,11:57:35,December,12,11,2022
2022-12-28 13:55:59,Coffe,6.7,Wednesday,2022-12-28,13:55:59,December,12,13,2022
2022-12-28 17:30:58,Health,10.0,Wednesday,2022-12-28,17:30:58,December,12,17,2022
2022-12-28 17:31:06,Market,3.8,Wednesday,2022-12-28,17:31:06,December,12,17,2022
2022-12-29 09:38:25,Taxi,2.4,Thursday,2022-12-29,09:38:25,December,12,9,2022
2022-12-29 09:48:50,Taxi,3.63,Thursday,2022-12-29,09:48:50,December,12,9,2022
2022-12-29 11:00:28,Coffe,10.7,Thursday,2022-12-29,11:00:28,December,12,11,2022
2022-12-29 11:08:47,Coffe,6.7,Thursday,2022-12-29,11:08:47,December,12,11,2022
2022-12-29 14:25:26,Taxi,4.0,Thursday,2022-12-29,14:25:26,December,12,14,2022
2022-12-29 14:27:21,Taxi,2.0,Thursday,2022-12-29,14:27:21,December,12,14,2022
2022-12-29 19:56:10,Transport,5.0,Thursday,2022-12-29,19:56:10,December,12,19,2022
2022-12-30 05:43:43,Market,1.8,Friday,2022-12-30,05:43:43,December,12,5,2022
2022-12-30 14:19:03,Business lunch,6.0,Friday,2022-12-30,14:19:03,December,12,14,2022
2022-12-30 14:19:06,Coffe,6.7,Friday,2022-12-30,14:19:06,December,12,14,2022
2022-12-30 14:19:08,Coffe,6.7,Friday,2022-12-30,14:19:08,December,12,14,2022
2022-12-30 17:56:25,Market,34.0,Friday,2022-12-30,17:56:25,December,12,17,2022
2022-12-31 16:23:12,Learning,17.0,Saturday,2022-12-31,16:23:12,December,12,16,2022
2023-01-01 09:07:14,Restuarant,52.0,Sunday,2023-01-01,09:07:14,January,1,9,2023
2023-01-01 09:42:07,Coffe,20.0,Sunday,2023-01-01,09:42:07,January,1,9,2023
2023-01-01 14:03:21,Coffe,6.7,Sunday,2023-01-01,14:03:21,January,1,14,2023
2023-01-01 15:43:11,Coffe,6.7,Sunday,2023-01-01,15:43:11,January,1,15,2023
2023-01-02 07:11:02,Transport,0.8,Monday,2023-01-02,07:11:02,January,1,7,2023
2023-01-02 07:42:35,Coffe,13.9,Monday,2023-01-02,07:42:35,January,1,7,2023
2023-01-02 09:15:36,Coffe,6.7,Monday,2023-01-02,09:15:36,January,1,9,2023
2023-01-02 12:09:17,Coffe,6.7,Monday,2023-01-02,12:09:17,January,1,12,2023
2023-01-02 14:18:35,Coffe,6.7,Monday,2023-01-02,14:18:35,January,1,14,2023
2023-01-02 14:28:57,Coffe,7.0,Monday,2023-01-02,14:28:57,January,1,14,2023
2023-01-02 15:43:28,Learning,6.9,Monday,2023-01-02,15:43:28,January,1,15,2023
2023-01-02 16:46:06,Market,23.0,Monday,2023-01-02,16:46:06,January,1,16,2023
2023-01-03 09:08:55,Coffe,6.7,Tuesday,2023-01-03,09:08:55,January,1,9,2023
2023-01-03 12:06:21,Coffe,6.7,Tuesday,2023-01-03,12:06:21,January,1,12,2023
2023-01-03 14:30:44,Coffe,6.7,Tuesday,2023-01-03,14:30:44,January,1,14,2023
2023-01-03 17:13:06,Market,3.7,Tuesday,2023-01-03,17:13:06,January,1,17,2023
2023-01-04 08:58:10,Coffe,6.7,Wednesday,2023-01-04,08:58:10,January,1,8,2023
2023-01-04 10:08:09,Coffe,6.7,Wednesday,2023-01-04,10:08:09,January,1,10,2023
2023-01-04 14:07:16,Coffe,14.0,Wednesday,2023-01-04,14:07:16,January,1,14,2023
2023-01-04 17:23:17,Health,43.2,Wednesday,2023-01-04,17:23:17,January,1,17,2023
2023-01-04 17:23:25,Market,7.47,Wednesday,2023-01-04,17:23:25,January,1,17,2023
2023-01-05 04:48:03,Market,2.11,Thursday,2023-01-05,04:48:03,January,1,4,2023
2023-01-05 05:44:03,Coffe,6.0,Thursday,2023-01-05,05:44:03,January,1,5,2023
2023-01-05 06:07:08,Sport,68.0,Thursday,2023-01-05,06:07:08,January,1,6,2023
2023-01-05 12:18:47,Market,2.14,Thursday,2023-01-05,12:18:47,January,1,12,2023
2023-01-05 14:33:47,Coffe,6.7,Thursday,2023-01-05,14:33:47,January,1,14,2023
2023-01-05 16:32:15,Market,1.44,Thursday,2023-01-05,16:32:15,January,1,16,2023
2023-01-06 10:06:02,Business lunch,17.0,Friday,2023-01-06,10:06:02,January,1,10,2023
2023-01-06 12:14:44,Market,4.4,Friday,2023-01-06,12:14:44,January,1,12,2023
2023-01-06 14:36:16,Coffe,6.7,Friday,2023-01-06,14:36:16,January,1,14,2023
2023-01-06 16:00:32,Coffe,6.7,Friday,2023-01-06,16:00:32,January,1,16,2023
2023-01-07 07:57:13,Coffe,6.7,Saturday,2023-01-07,07:57:13,January,1,7,2023
2023-01-07 07:57:16,Market,0.9,Saturday,2023-01-07,07:57:16,January,1,7,2023
2023-01-07 10:06:26,Coffe,7.6,Saturday,2023-01-07,10:06:26,January,1,10,2023
2023-01-07 12:10:49,Transport,5.0,Saturday,2023-01-07,12:10:49,January,1,12,2023
2023-01-07 12:58:29,Market,5.4,Saturday,2023-01-07,12:58:29,January,1,12,2023
2023-01-08 09:53:13,Coffe,6.7,Sunday,2023-01-08,09:53:13,January,1,9,2023
2023-01-08 11:13:22,Coffe,6.7,Sunday,2023-01-08,11:13:22,January,1,11,2023
2023-01-08 12:36:44,Coffe,6.7,Sunday,2023-01-08,12:36:44,January,1,12,2023
2023-01-08 14:05:45,Coffe,6.7,Sunday,2023-01-08,14:05:45,January,1,14,2023
2023-01-09 08:56:19,Business lunch,7.0,Monday,2023-01-09,08:56:19,January,1,8,2023
2023-01-09 15:17:48,Taxi,2.0,Monday,2023-01-09,15:17:48,January,1,15,2023
2023-01-09 18:30:54,Market,0.88,Monday,2023-01-09,18:30:54,January,1,18,2023
2023-01-10 05:44:47,Restuarant,55.0,Tuesday,2023-01-10,05:44:47,January,1,5,2023
2023-01-10 05:44:53,Market,2.5,Tuesday,2023-01-10,05:44:53,January,1,5,2023
2023-01-10 06:37:16,Coffe,6.0,Tuesday,2023-01-10,06:37:16,January,1,6,2023
2023-01-10 09:39:58,Business lunch,5.0,Tuesday,2023-01-10,09:39:58,January,1,9,2023
2023-01-10 11:54:57,Market,14.0,Tuesday,2023-01-10,11:54:57,January,1,11,2023
2023-01-10 14:08:33,Market,1.88,Tuesday,2023-01-10,14:08:33,January,1,14,2023
2023-01-10 19:49:39,Market,2.0,Tuesday,2023-01-10,19:49:39,January,1,19,2023
2023-01-10 19:49:44,Restuarant,1.0,Tuesday,2023-01-10,19:49:44,January,1,19,2023
2023-01-11 09:19:11,Business lunch,11.2,Wednesday,2023-01-11,09:19:11,January,1,9,2023
2023-01-11 15:38:43,Market,0.5,Wednesday,2023-01-11,15:38:43,January,1,15,2023
2023-01-11 17:49:53,Coffe,6.4,Wednesday,2023-01-11,17:49:53,January,1,17,2023
2023-01-11 18:41:46,Coffe,6.7,Wednesday,2023-01-11,18:41:46,January,1,18,2023
2023-01-11 21:07:05,Taxi,4.0,Wednesday,2023-01-11,21:07:05,January,1,21,2023
2023-01-13 10:56:44,Coffe,6.7,Friday,2023-01-13,10:56:44,January,1,10,2023
2023-01-13 14:26:29,Coffe,6.7,Friday,2023-01-13,14:26:29,January,1,14,2023
2023-01-13 16:15:53,Coffe,9.0,Friday,2023-01-13,16:15:53,January,1,16,2023
2023-01-13 17:38:06,Learning,16.0,Friday,2023-01-13,17:38:06,January,1,17,2023
2023-01-13 18:35:04,Market,6.3,Friday,2023-01-13,18:35:04,January,1,18,2023
2023-01-14 09:11:08,Coffe,13.6,Saturday,2023-01-14,09:11:08,January,1,9,2023
2023-01-14 12:22:21,Coffe,6.7,Saturday,2023-01-14,12:22:21,January,1,12,2023
2023-01-14 14:26:01,Coffe,6.7,Saturday,2023-01-14,14:26:01,January,1,14,2023
2023-01-14 17:29:52,Transport,5.0,Saturday,2023-01-14,17:29:52,January,1,17,2023
2023-01-14 18:17:15,Market,20.0,Saturday,2023-01-14,18:17:15,January,1,18,2023
2023-01-15 09:53:14,Taxi,2.1,Sunday,2023-01-15,09:53:14,January,1,9,2023
2023-01-15 09:53:18,Market,0.7,Sunday,2023-01-15,09:53:18,January,1,9,2023
2023-01-15 10:03:43,Restuarant,5.3,Sunday,2023-01-15,10:03:43,January,1,10,2023
2023-01-15 10:09:02,Coffe,6.7,Sunday,2023-01-15,10:09:02,January,1,10,2023
2023-01-15 12:22:09,Coffe,6.7,Sunday,2023-01-15,12:22:09,January,1,12,2023
2023-01-15 14:19:58,Coffe,6.7,Sunday,2023-01-15,14:19:58,January,1,14,2023
2023-01-15 14:59:53,Phone,3.0,Sunday,2023-01-15,14:59:53,January,1,14,2023
2023-01-15 15:54:28,Taxi,1.7,Sunday,2023-01-15,15:54:28,January,1,15,2023
2023-01-15 17:08:59,Clothing,6.0,Sunday,2023-01-15,17:08:59,January,1,17,2023
2023-01-15 17:59:25,Market,1.5,Sunday,2023-01-15,17:59:25,January,1,17,2023
2023-01-16 04:48:21,Market,2.55,Monday,2023-01-16,04:48:21,January,1,4,2023
2023-01-16 08:31:53,Market,0.7,Monday,2023-01-16,08:31:53,January,1,8,2023
2023-01-16 09:30:24,Business lunch,9.0,Monday,2023-01-16,09:30:24,January,1,9,2023
2023-01-16 17:37:42,Market,2.0,Monday,2023-01-16,17:37:42,January,1,17,2023
2023-01-16 17:41:10,Market,1.4,Monday,2023-01-16,17:41:10,January,1,17,2023
2023-01-17 05:00:12,Market,2.45,Tuesday,2023-01-17,05:00:12,January,1,5,2023
2023-01-17 06:03:13,Restuarant,11.0,Tuesday,2023-01-17,06:03:13,January,1,6,2023
2023-01-17 06:03:17,Communal,174.0,Tuesday,2023-01-17,06:03:17,January,1,6,2023
2023-01-17 16:10:44,Taxi,2.13,Tuesday,2023-01-17,16:10:44,January,1,16,2023
2023-01-17 16:20:43,Coffe,6.7,Tuesday,2023-01-17,16:20:43,January,1,16,2023
2023-01-17 17:50:10,Coffe,7.2,Tuesday,2023-01-17,17:50:10,January,1,17,2023
2023-01-18 04:56:56,Market,1.75,Wednesday,2023-01-18,04:56:56,January,1,4,2023
2023-01-18 10:21:53,Business lunch,10.0,Wednesday,2023-01-18,10:21:53,January,1,10,2023
2023-01-18 15:19:05,Market,1.74,Wednesday,2023-01-18,15:19:05,January,1,15,2023
2023-01-18 15:51:02,Coffe,7.9,Wednesday,2023-01-18,15:51:02,January,1,15,2023
2023-01-18 19:10:40,Market,4.18,Wednesday,2023-01-18,19:10:40,January,1,19,2023
2023-01-18 19:12:43,Health,36.0,Wednesday,2023-01-18,19:12:43,January,1,19,2023
2023-01-19 09:27:35,Business lunch,9.0,Thursday,2023-01-19,09:27:35,January,1,9,2023
2023-01-19 09:27:40,Market,0.52,Thursday,2023-01-19,09:27:40,January,1,9,2023
2023-01-19 14:32:14,Coffe,6.7,Thursday,2023-01-19,14:32:14,January,1,14,2023
2023-01-20 07:49:47,Taxi,1.7,Friday,2023-01-20,07:49:47,January,1,7,2023
2023-01-20 07:49:50,Market,0.5,Friday,2023-01-20,07:49:50,January,1,7,2023
2023-01-20 07:51:37,Coffe,13.9,Friday,2023-01-20,07:51:37,January,1,7,2023
2023-01-20 09:51:54,Coffe,6.7,Friday,2023-01-20,09:51:54,January,1,9,2023
2023-01-20 12:38:09,Coffe,6.7,Friday,2023-01-20,12:38:09,January,1,12,2023
2023-01-20 14:29:52,Transport,5.0,Friday,2023-01-20,14:29:52,January,1,14,2023
2023-01-20 14:56:06,Market,1.0,Friday,2023-01-20,14:56:06,January,1,14,2023
2023-01-20 19:11:23,Market,5.8,Friday,2023-01-20,19:11:23,January,1,19,2023
2023-01-20 19:14:44,Restuarant,18.0,Friday,2023-01-20,19:14:44,January,1,19,2023
2023-01-21 07:15:25,Coffe,13.9,Saturday,2023-01-21,07:15:25,January,1,7,2023
2023-01-21 09:32:44,Coffe,6.7,Saturday,2023-01-21,09:32:44,January,1,9,2023
2023-01-21 12:29:15,Coffe,6.7,Saturday,2023-01-21,12:29:15,January,1,12,2023
2023-01-21 16:45:34,Restuarant,13.0,Saturday,2023-01-21,16:45:34,January,1,16,2023
2023-01-21 20:13:19,Taxi,5.0,Saturday,2023-01-21,20:13:19,January,1,20,2023
2023-01-22 07:28:08,Taxi,1.6,Sunday,2023-01-22,07:28:08,January,1,7,2023
2023-01-22 07:42:27,Coffe,13.9,Sunday,2023-01-22,07:42:27,January,1,7,2023
2023-01-22 11:42:19,Coffe,6.7,Sunday,2023-01-22,11:42:19,January,1,11,2023
2023-01-22 11:42:22,Restuarant,11.0,Sunday,2023-01-22,11:42:22,January,1,11,2023
2023-01-22 14:57:36,Market,1.6,Sunday,2023-01-22,14:57:36,January,1,14,2023
2023-01-22 16:05:54,Market,1.0,Sunday,2023-01-22,16:05:54,January,1,16,2023
2023-01-22 16:56:49,Market,3.8,Sunday,2023-01-22,16:56:49,January,1,16,2023
2023-01-23 05:07:02,Market,3.8,Monday,2023-01-23,05:07:02,January,1,5,2023
2023-01-23 09:07:46,Business lunch,8.4,Monday,2023-01-23,09:07:46,January,1,9,2023
2023-01-23 10:29:51,Market,1.9,Monday,2023-01-23,10:29:51,January,1,10,2023
2023-01-23 14:53:46,Phone,3.0,Monday,2023-01-23,14:53:46,January,1,14,2023
2023-01-23 14:53:49,Coffe,6.7,Monday,2023-01-23,14:53:49,January,1,14,2023
2023-01-24 09:01:51,Business lunch,8.0,Tuesday,2023-01-24,09:01:51,January,1,9,2023
2023-01-24 10:12:58,Coffe,3.0,Tuesday,2023-01-24,10:12:58,January,1,10,2023
2023-01-24 13:15:39,Restuarant,35.0,Tuesday,2023-01-24,13:15:39,January,1,13,2023
2023-01-24 14:39:20,Coffe,13.9,Tuesday,2023-01-24,14:39:20,January,1,14,2023
2023-01-25 04:49:24,Market,3.0,Wednesday,2023-01-25,04:49:24,January,1,4,2023
2023-01-25 06:27:04,Taxi,1.28,Wednesday,2023-01-25,06:27:04,January,1,6,2023
2023-01-25 08:58:45,Market,2.7,Wednesday,2023-01-25,08:58:45,January,1,8,2023
2023-01-25 09:08:18,Taxi,1.28,Wednesday,2023-01-25,09:08:18,January,1,9,2023
2023-01-25 09:48:04,Market,1.14,Wednesday,2023-01-25,09:48:04,January,1,9,2023
2023-01-25 11:45:11,Coffe,6.7,Wednesday,2023-01-25,11:45:11,January,1,11,2023
2023-01-25 12:56:41,Coffe,6.7,Wednesday,2023-01-25,12:56:41,January,1,12,2023
2023-01-25 17:14:40,Taxi,1.28,Wednesday,2023-01-25,17:14:40,January,1,17,2023
2023-01-25 19:47:20,Restuarant,10.0,Wednesday,2023-01-25,19:47:20,January,1,19,2023
2023-01-26 04:17:51,Other,20.0,Thursday,2023-01-26,04:17:51,January,1,4,2023
2023-01-26 04:17:59,Learning,441.0,Thursday,2023-01-26,04:17:59,January,1,4,2023
2023-01-26 12:42:45,Restuarant,5.3,Thursday,2023-01-26,12:42:45,January,1,12,2023
2023-01-26 12:52:40,Coffe,6.7,Thursday,2023-01-26,12:52:40,January,1,12,2023
2023-01-26 14:47:23,Coffe,6.7,Thursday,2023-01-26,14:47:23,January,1,14,2023
2023-01-26 16:56:45,Learning,16.0,Thursday,2023-01-26,16:56:45,January,1,16,2023
2023-01-26 17:50:57,Market,24.33,Thursday,2023-01-26,17:50:57,January,1,17,2023
2023-01-27 08:31:09,Coffe,6.7,Friday,2023-01-27,08:31:09,January,1,8,2023
2023-01-27 10:10:37,Coffe,6.7,Friday,2023-01-27,10:10:37,January,1,10,2023
2023-01-27 14:27:30,Coffe,6.7,Friday,2023-01-27,14:27:30,January,1,14,2023
2023-01-27 17:20:19,Coffe,6.9,Friday,2023-01-27,17:20:19,January,1,17,2023
2023-01-27 17:47:12,Transport,5.0,Friday,2023-01-27,17:47:12,January,1,17,2023
2023-01-27 18:35:24,Market,4.0,Friday,2023-01-27,18:35:24,January,1,18,2023
2023-01-28 08:50:54,Market,0.72,Saturday,2023-01-28,08:50:54,January,1,8,2023
2023-01-28 10:46:18,Restuarant,7.2,Saturday,2023-01-28,10:46:18,January,1,10,2023
2023-01-28 10:53:00,Coffe,6.7,Saturday,2023-01-28,10:53:00,January,1,10,2023
2023-01-28 12:32:30,Coffe,6.7,Saturday,2023-01-28,12:32:30,January,1,12,2023
2023-01-28 14:24:52,Coffe,6.7,Saturday,2023-01-28,14:24:52,January,1,14,2023
2023-01-28 16:14:11,Coffe,6.7,Saturday,2023-01-28,16:14:11,January,1,16,2023
2023-01-28 18:10:55,Health,36.0,Saturday,2023-01-28,18:10:55,January,1,18,2023
2023-01-28 18:13:28,Market,11.64,Saturday,2023-01-28,18:13:28,January,1,18,2023
2023-01-29 06:07:12,Coffe,6.7,Sunday,2023-01-29,06:07:12,January,1,6,2023
2023-01-29 09:15:07,Coffe,13.9,Sunday,2023-01-29,09:15:07,January,1,9,2023
2023-01-29 10:55:54,Restuarant,5.3,Sunday,2023-01-29,10:55:54,January,1,10,2023
2023-01-29 21:21:52,Market,2.78,Sunday,2023-01-29,21:21:52,January,1,21,2023
2023-01-29 21:22:06,Other,1.0,Sunday,2023-01-29,21:22:06,January,1,21,2023
2023-01-29 21:22:07,Other,1.0,Sunday,2023-01-29,21:22:07,January,1,21,2023
2023-01-29 21:22:13,Restuarant,110.0,Sunday,2023-01-29,21:22:13,January,1,21,2023
2023-01-29 21:26:54,Restuarant,5.0,Sunday,2023-01-29,21:26:54,January,1,21,2023
2023-01-30 09:54:43,Phone,12.0,Monday,2023-01-30,09:54:43,January,1,9,2023
2023-01-30 11:43:52,Coffe,5.0,Monday,2023-01-30,11:43:52,January,1,11,2023
2023-01-30 11:43:54,Taxi,5.0,Monday,2023-01-30,11:43:54,January,1,11,2023
2023-01-30 13:56:36,Taxi,2.0,Monday,2023-01-30,13:56:36,January,1,13,2023
2023-01-30 13:56:38,Coffe,6.7,Monday,2023-01-30,13:56:38,January,1,13,2023
2023-01-30 15:50:56,Restuarant,5.3,Monday,2023-01-30,15:50:56,January,1,15,2023
2023-01-30 16:16:10,Tech,25.0,Monday,2023-01-30,16:16:10,January,1,16,2023
2023-01-30 16:34:31,Coffe,6.7,Monday,2023-01-30,16:34:31,January,1,16,2023
2023-01-30 17:43:10,Clothing,11.0,Monday,2023-01-30,17:43:10,January,1,17,2023
2023-01-30 18:26:44,Market,1.4,Monday,2023-01-30,18:26:44,January,1,18,2023
2023-01-31 06:55:07,Taxi,5.0,Tuesday,2023-01-31,06:55:07,January,1,6,2023
2023-01-31 07:10:48,Coffe,6.7,Tuesday,2023-01-31,07:10:48,January,1,7,2023
2023-01-31 07:13:30,Coffe,8.2,Tuesday,2023-01-31,07:13:30,January,1,7,2023
2023-01-31 09:59:07,Coffe,6.7,Tuesday,2023-01-31,09:59:07,January,1,9,2023
2023-01-31 12:35:34,Coffe,5.5,Tuesday,2023-01-31,12:35:34,January,1,12,2023
2023-01-31 14:30:17,Coffe,5.5,Tuesday,2023-01-31,14:30:17,January,1,14,2023
2023-01-31 16:32:28,Market,5.8,Tuesday,2023-01-31,16:32:28,January,1,16,2023
2023-02-01 09:12:34,Clothing,2.0,Wednesday,2023-02-01,09:12:34,February,2,9,2023
2023-02-01 10:39:56,Coffe,6.9,Wednesday,2023-02-01,10:39:56,February,2,10,2023
2023-02-01 14:31:29,Coffe,6.7,Wednesday,2023-02-01,14:31:29,February,2,14,2023
2023-02-01 15:36:53,Coffe,8.2,Wednesday,2023-02-01,15:36:53,February,2,15,2023
2023-02-01 17:28:43,Coffe,6.7,Wednesday,2023-02-01,17:28:43,February,2,17,2023
2023-02-02 10:06:31,Business lunch,5.0,Thursday,2023-02-02,10:06:31,February,2,10,2023
2023-02-02 10:06:51,Market,0.6,Thursday,2023-02-02,10:06:51,February,2,10,2023
2023-02-02 14:47:42,Coffe,13.0,Thursday,2023-02-02,14:47:42,February,2,14,2023
2023-02-03 08:59:07,Transport,5.0,Friday,2023-02-03,08:59:07,February,2,8,2023
2023-02-03 09:44:06,Market,8.78,Friday,2023-02-03,09:44:06,February,2,9,2023
2023-02-03 10:07:59,Business lunch,6.0,Friday,2023-02-03,10:07:59,February,2,10,2023
2023-02-03 15:32:38,Market,0.8,Friday,2023-02-03,15:32:38,February,2,15,2023
2023-02-03 16:04:48,Coffe,5.5,Friday,2023-02-03,16:04:48,February,2,16,2023
2023-02-03 17:20:29,Coffe,13.0,Friday,2023-02-03,17:20:29,February,2,17,2023
2023-02-03 21:30:55,Film/enjoyment,12.0,Friday,2023-02-03,21:30:55,February,2,21,2023
2023-02-03 21:48:24,Other,4.0,Friday,2023-02-03,21:48:24,February,2,21,2023
2023-02-04 09:38:22,Sport,68.0,Saturday,2023-02-04,09:38:22,February,2,9,2023
2023-02-04 10:03:26,Taxi,6.0,Saturday,2023-02-04,10:03:26,February,2,10,2023
2023-02-04 13:04:48,Restuarant,20.0,Saturday,2023-02-04,13:04:48,February,2,13,2023
2023-02-04 13:04:52,Taxi,3.0,Saturday,2023-02-04,13:04:52,February,2,13,2023
2023-02-04 15:14:13,Coffe,11.0,Saturday,2023-02-04,15:14:13,February,2,15,2023
2023-02-04 16:18:45,Learning,58.6,Saturday,2023-02-04,16:18:45,February,2,16,2023
2023-02-04 17:12:56,Market,3.5,Saturday,2023-02-04,17:12:56,February,2,17,2023
2023-02-05 09:48:28,Coffe,13.0,Sunday,2023-02-05,09:48:28,February,2,9,2023
2023-02-05 09:48:30,Phone,3.0,Sunday,2023-02-05,09:48:30,February,2,9,2023
2023-02-05 12:00:07,Coffe,5.5,Sunday,2023-02-05,12:00:07,February,2,12,2023
2023-02-05 13:00:11,Coffe,5.5,Sunday,2023-02-05,13:00:11,February,2,13,2023
2023-02-04 20:09:00,Taxi,3.5,Saturday,2023-02-04,20:09:00,February,2,20,2023
2023-02-04 20:09:00,Restuarant,51.0,Saturday,2023-02-04,20:09:00,February,2,20,2023
2023-02-04 20:23:11,Market,11.15,Saturday,2023-02-04,20:23:11,February,2,20,2023
2023-02-06 09:54:43,Other,1.5,Monday,2023-02-06,09:54:43,February,2,9,2023
2023-02-06 10:19:51,Business lunch,6.7,Monday,2023-02-06,10:19:51,February,2,10,2023
2023-02-06 14:56:39,Coffe,5.5,Monday,2023-02-06,14:56:39,February,2,14,2023
2023-02-06 16:05:03,Restuarant,5.3,Monday,2023-02-06,16:05:03,February,2,16,2023
2023-02-07 08:46:59,Market,0.6,Tuesday,2023-02-07,08:46:59,February,2,8,2023
2023-02-07 10:03:01,Business lunch,14.0,Tuesday,2023-02-07,10:03:01,February,2,10,2023
2023-02-07 15:05:49,Coffe,3.12,Tuesday,2023-02-07,15:05:49,February,2,15,2023
2023-02-07 15:35:07,Learning,20.5,Tuesday,2023-02-07,15:35:07,February,2,15,2023
2023-02-07 16:41:20,Market,3.8,Tuesday,2023-02-07,16:41:20,February,2,16,2023
2023-02-08 04:54:41,Market,0.8,Wednesday,2023-02-08,04:54:41,February,2,4,2023
2023-02-08 09:28:07,Business lunch,10.0,Wednesday,2023-02-08,09:28:07,February,2,9,2023
2023-02-08 15:24:19,Transport,5.0,Wednesday,2023-02-08,15:24:19,February,2,15,2023
2023-02-08 15:24:26,Coffe,7.17,Wednesday,2023-02-08,15:24:26,February,2,15,2023
2023-02-08 16:06:36,Market,4.72,Wednesday,2023-02-08,16:06:36,February,2,16,2023
2023-02-08 16:09:58,Health,18.0,Wednesday,2023-02-08,16:09:58,February,2,16,2023
2023-02-09 08:31:40,Taxi,1.0,Thursday,2023-02-09,08:31:40,February,2,8,2023
2023-02-09 09:52:40,Business lunch,8.4,Thursday,2023-02-09,09:52:40,February,2,9,2023
2023-02-09 14:55:05,Clothing,40.0,Thursday,2023-02-09,14:55:05,February,2,14,2023
2023-02-09 16:04:31,Coffe,3.12,Thursday,2023-02-09,16:04:31,February,2,16,2023
2023-02-09 16:54:03,Market,4.44,Thursday,2023-02-09,16:54:03,February,2,16,2023
2023-02-10 07:05:50,Market,0.6,Friday,2023-02-10,07:05:50,February,2,7,2023
2023-02-10 10:13:48,Business lunch,10.0,Friday,2023-02-10,10:13:48,February,2,10,2023
2023-02-10 14:22:20,Market,1.0,Friday,2023-02-10,14:22:20,February,2,14,2023
2023-02-10 16:54:18,Coffe,3.12,Friday,2023-02-10,16:54:18,February,2,16,2023
2023-02-10 17:13:02,Clothing,17.0,Friday,2023-02-10,17:13:02,February,2,17,2023
2023-02-10 17:18:02,Restuarant,10.5,Friday,2023-02-10,17:18:02,February,2,17,2023
2023-02-10 17:27:47,Market,1.0,Friday,2023-02-10,17:27:47,February,2,17,2023
2023-02-11 10:25:18,Coffe,5.5,Saturday,2023-02-11,10:25:18,February,2,10,2023
2023-02-11 13:23:43,Restuarant,5.3,Saturday,2023-02-11,13:23:43,February,2,13,2023
2023-02-12 18:08:00,joy,120.0,Sunday,2023-02-12,18:08:00,February,2,18,2023
2023-02-13 09:46:37,Business lunch,8.4,Monday,2023-02-13,09:46:37,February,2,9,2023
2023-02-13 15:13:05,Sport,30.0,Monday,2023-02-13,15:13:05,February,2,15,2023
2023-02-13 15:25:27,Market,0.5,Monday,2023-02-13,15:25:27,February,2,15,2023
2023-02-13 15:25:42,Market,0.44,Monday,2023-02-13,15:25:42,February,2,15,2023
2023-02-13 16:50:23,Communal,181.0,Monday,2023-02-13,16:50:23,February,2,16,2023
2023-02-14 06:59:21,Phone,3.0,Tuesday,2023-02-14,06:59:21,February,2,6,2023
2023-02-14 09:28:51,Business lunch,10.0,Tuesday,2023-02-14,09:28:51,February,2,9,2023
2023-02-14 15:49:44,Market,7.3,Tuesday,2023-02-14,15:49:44,February,2,15,2023
2023-02-15 09:54:32,Business lunch,10.0,Wednesday,2023-02-15,09:54:32,February,2,9,2023
2023-02-15 09:54:39,Market,1.3,Wednesday,2023-02-15,09:54:39,February,2,9,2023
2023-02-15 15:26:08,Market,1.0,Wednesday,2023-02-15,15:26:08,February,2,15,2023
2023-02-15 16:20:29,Market,4.25,Wednesday,2023-02-15,16:20:29,February,2,16,2023
2023-02-16 04:40:45,Market,0.7,Thursday,2023-02-16,04:40:45,February,2,4,2023
2023-02-16 09:39:56,Business lunch,10.0,Thursday,2023-02-16,09:39:56,February,2,9,2023
2023-02-16 15:21:21,Market,4.47,Thursday,2023-02-16,15:21:21,February,2,15,2023
2023-02-17 04:16:49,Market,15.0,Friday,2023-02-17,04:16:49,February,2,4,2023
2023-02-17 09:45:34,Business lunch,10.0,Friday,2023-02-17,09:45:34,February,2,9,2023
2023-02-17 10:01:30,Events,50.0,Friday,2023-02-17,10:01:30,February,2,10,2023
2023-02-17 16:30:40,Coffe,3.12,Friday,2023-02-17,16:30:40,February,2,16,2023
2023-02-17 17:21:21,Market,13.6,Friday,2023-02-17,17:21:21,February,2,17,2023
2023-02-18 09:40:18,Taxi,5.0,Saturday,2023-02-18,09:40:18,February,2,9,2023
2023-02-18 10:09:42,Restuarant,5.3,Saturday,2023-02-18,10:09:42,February,2,10,2023
2023-02-18 10:09:47,Coffe,6.7,Saturday,2023-02-18,10:09:47,February,2,10,2023
2023-02-18 13:00:02,Coffe,6.7,Saturday,2023-02-18,13:00:02,February,2,13,2023
2023-02-18 14:54:26,Coffe,6.7,Saturday,2023-02-18,14:54:26,February,2,14,2023
2023-02-17 20:09:00,Market,22.0,Friday,2023-02-17,20:09:00,February,2,20,2023
2023-02-17 20:10:00,Transport,5.0,Friday,2023-02-17,20:10:00,February,2,20,2023
2023-02-19 05:31:13,Market,2.15,Sunday,2023-02-19,05:31:13,February,2,5,2023
2023-02-19 06:36:34,Coffe,6.7,Sunday,2023-02-19,06:36:34,February,2,6,2023
2023-02-19 09:28:15,Coffe,18.2,Sunday,2023-02-19,09:28:15,February,2,9,2023
2023-02-19 11:59:04,Market,0.52,Sunday,2023-02-19,11:59:04,February,2,11,2023
2023-02-19 13:00:13,Market,0.52,Sunday,2023-02-19,13:00:13,February,2,13,2023
2023-02-19 13:32:15,Coffe,6.9,Sunday,2023-02-19,13:32:15,February,2,13,2023
2023-02-19 19:56:35,Market,1.35,Sunday,2023-02-19,19:56:35,February,2,19,2023
2023-02-19 19:56:42,Restuarant,31.0,Sunday,2023-02-19,19:56:42,February,2,19,2023
2023-02-20 04:35:42,Market,2.0,Monday,2023-02-20,04:35:42,February,2,4,2023
2023-02-20 09:45:27,Business lunch,10.0,Monday,2023-02-20,09:45:27,February,2,9,2023
2023-02-20 15:33:54,Market,7.0,Monday,2023-02-20,15:33:54,February,2,15,2023
2023-02-21 05:20:22,Market,2.22,Tuesday,2023-02-21,05:20:22,February,2,5,2023
2023-02-21 06:01:59,Phone,1.0,Tuesday,2023-02-21,06:01:59,February,2,6,2023
2023-02-21 09:58:10,Business lunch,10.53,Tuesday,2023-02-21,09:58:10,February,2,9,2023
2023-02-22 04:26:05,Market,1.4,Wednesday,2023-02-22,04:26:05,February,2,4,2023
2023-02-22 10:21:35,Business lunch,11.0,Wednesday,2023-02-22,10:21:35,February,2,10,2023
2023-02-22 14:38:35,Market,0.6,Wednesday,2023-02-22,14:38:35,February,2,14,2023
2023-02-22 14:38:39,Transport,5.0,Wednesday,2023-02-22,14:38:39,February,2,14,2023
2023-02-22 16:29:47,Market,2.2,Wednesday,2023-02-22,16:29:47,February,2,16,2023
2023-02-23 17:50:45,Phone,1.25,Thursday,2023-02-23,17:50:45,February,2,17,2023
2023-02-23 17:50:57,Business lunch,10.0,Thursday,2023-02-23,17:50:57,February,2,17,2023
2023-02-23 17:51:15,Market,1.3,Thursday,2023-02-23,17:51:15,February,2,17,2023
2023-02-23 19:17:00,Restuarant,35.0,Thursday,2023-02-23,19:17:00,February,2,19,2023
2023-02-24 04:14:06,Market,1.2,Friday,2023-02-24,04:14:06,February,2,4,2023
2023-02-24 09:22:28,Business lunch,10.0,Friday,2023-02-24,09:22:28,February,2,9,2023
2023-02-24 18:04:52,Market,25.0,Friday,2023-02-24,18:04:52,February,2,18,2023
2023-02-25 07:21:28,Coffe,6.7,Saturday,2023-02-25,07:21:28,February,2,7,2023
2023-02-25 07:21:35,Restuarant,5.3,Saturday,2023-02-25,07:21:35,February,2,7,2023
2023-02-25 10:12:24,Coffe,6.7,Saturday,2023-02-25,10:12:24,February,2,10,2023
2023-02-25 12:35:31,Market,8.5,Saturday,2023-02-25,12:35:31,February,2,12,2023
2023-02-25 19:33:01,Events,5.0,Saturday,2023-02-25,19:33:01,February,2,19,2023
2023-02-25 19:33:08,Taxi,3.0,Saturday,2023-02-25,19:33:08,February,2,19,2023
2023-02-25 19:33:12,Market,3.0,Saturday,2023-02-25,19:33:12,February,2,19,2023
2023-02-26 06:52:41,Coffe,15.0,Sunday,2023-02-26,06:52:41,February,2,6,2023
2023-02-26 09:26:08,Coffe,6.7,Sunday,2023-02-26,09:26:08,February,2,9,2023
2023-02-26 11:33:34,Market,10.44,Sunday,2023-02-26,11:33:34,February,2,11,2023
2023-02-26 13:42:14,Restuarant,5.3,Sunday,2023-02-26,13:42:14,February,2,13,2023
2023-02-26 13:50:01,Coffe,11.3,Sunday,2023-02-26,13:50:01,February,2,13,2023
2023-02-26 16:31:02,Market,5.9,Sunday,2023-02-26,16:31:02,February,2,16,2023
2023-02-27 07:08:20,Market,1.3,Monday,2023-02-27,07:08:20,February,2,7,2023
2023-02-27 09:23:05,Business lunch,10.0,Monday,2023-02-27,09:23:05,February,2,9,2023
2023-02-27 14:36:22,Phone,3.0,Monday,2023-02-27,14:36:22,February,2,14,2023
2023-02-27 17:49:46,Restuarant,68.0,Monday,2023-02-27,17:49:46,February,2,17,2023
2023-02-27 17:49:59,Market,3.54,Monday,2023-02-27,17:49:59,February,2,17,2023
2023-02-27 19:10:28,Market,9.57,Monday,2023-02-27,19:10:28,February,2,19,2023
2023-02-28 05:01:35,Market,7.15,Tuesday,2023-02-28,05:01:35,February,2,5,2023
2023-02-28 09:38:54,Business lunch,10.0,Tuesday,2023-02-28,09:38:54,February,2,9,2023
2023-02-28 17:17:19,Restuarant,5.3,Tuesday,2023-02-28,17:17:19,February,2,17,2023
2023-03-01 10:14:07,Business lunch,10.0,Wednesday,2023-03-01,10:14:07,March,3,10,2023
2023-03-01 13:49:10,Phone,10.0,Wednesday,2023-03-01,13:49:10,March,3,13,2023
2023-03-01 16:13:18,Clothing,210.0,Wednesday,2023-03-01,16:13:18,March,3,16,2023
2023-03-01 16:13:20,Clothing,56.0,Wednesday,2023-03-01,16:13:20,March,3,16,2023
2023-03-01 16:13:24,Other,10.0,Wednesday,2023-03-01,16:13:24,March,3,16,2023
2023-03-01 16:13:28,Taxi,2.3,Wednesday,2023-03-01,16:13:28,March,3,16,2023
2023-03-01 16:35:20,Coffe,7.0,Wednesday,2023-03-01,16:35:20,March,3,16,2023
2023-03-01 20:45:15,Phone,3.0,Wednesday,2023-03-01,20:45:15,March,3,20,2023
2023-03-01 20:45:17,Transport,5.0,Wednesday,2023-03-01,20:45:17,March,3,20,2023
2023-03-02 09:44:52,Restuarant,10.53,Thursday,2023-03-02,09:44:52,March,3,9,2023
2023-03-02 11:51:43,Events,20.0,Thursday,2023-03-02,11:51:43,March,3,11,2023
2023-03-02 15:08:42,Market,9.44,Thursday,2023-03-02,15:08:42,March,3,15,2023
2023-03-02 17:53:46,Market,11.13,Thursday,2023-03-02,17:53:46,March,3,17,2023
2023-03-03 04:54:52,Market,0.75,Friday,2023-03-03,04:54:52,March,3,4,2023
2023-03-03 12:07:51,Business lunch,10.0,Friday,2023-03-03,12:07:51,March,3,12,2023
2023-03-03 18:13:45,Health,77.1,Friday,2023-03-03,18:13:45,March,3,18,2023
2023-03-03 18:13:48,Market,12.0,Friday,2023-03-03,18:13:48,March,3,18,2023
2023-03-04 06:29:02,Taxi,9.0,Saturday,2023-03-04,06:29:02,March,3,6,2023
2023-03-04 08:51:57,Restuarant,200.0,Saturday,2023-03-04,08:51:57,March,3,8,2023
2023-03-04 10:28:24,Coffe,52.0,Saturday,2023-03-04,10:28:24,March,3,10,2023
2023-03-04 15:07:28,Coffe,6.7,Saturday,2023-03-04,15:07:28,March,3,15,2023
2023-03-04 15:07:30,Coffe,6.7,Saturday,2023-03-04,15:07:30,March,3,15,2023
2023-03-04 16:57:03,Market,3.6,Saturday,2023-03-04,16:57:03,March,3,16,2023
2023-03-05 06:57:22,Coffe,6.7,Sunday,2023-03-05,06:57:22,March,3,6,2023
2023-03-05 09:34:22,Coffe,14.2,Sunday,2023-03-05,09:34:22,March,3,9,2023
2023-03-05 13:42:51,Market,1.0,Sunday,2023-03-05,13:42:51,March,3,13,2023
2023-03-05 14:18:00,Restuarant,5.4,Sunday,2023-03-05,14:18:00,March,3,14,2023
2023-03-05 21:27:41,Restuarant,25.0,Sunday,2023-03-05,21:27:41,March,3,21,2023
2023-03-06 05:04:31,Market,0.9,Monday,2023-03-06,05:04:31,March,3,5,2023
2023-03-06 07:51:59,Sport,68.0,Monday,2023-03-06,07:51:59,March,3,7,2023
2023-03-06 17:04:21,Restuarant,5.4,Monday,2023-03-06,17:04:21,March,3,17,2023
2023-03-06 17:14:56,Market,2.05,Monday,2023-03-06,17:14:56,March,3,17,2023
2023-03-07 10:55:13,Business lunch,13.0,Tuesday,2023-03-07,10:55:13,March,3,10,2023
2023-03-07 10:55:15,Events,60.0,Tuesday,2023-03-07,10:55:15,March,3,10,2023
2023-03-07 12:06:48,Health,1.34,Tuesday,2023-03-07,12:06:48,March,3,12,2023
2023-03-07 17:13:56,Restuarant,5.4,Tuesday,2023-03-07,17:13:56,March,3,17,2023
2023-03-07 18:14:03,Transport,5.0,Tuesday,2023-03-07,18:14:03,March,3,18,2023
2023-03-08 06:26:36,Phone,3.0,Wednesday,2023-03-08,06:26:36,March,3,6,2023
2023-03-08 10:32:12,Market,10.8,Wednesday,2023-03-08,10:32:12,March,3,10,2023
2023-03-08 12:17:10,Coffe,7.1,Wednesday,2023-03-08,12:17:10,March,3,12,2023
2023-03-08 15:33:58,Restuarant,5.4,Wednesday,2023-03-08,15:33:58,March,3,15,2023
2023-03-08 16:34:34,Market,3.25,Wednesday,2023-03-08,16:34:34,March,3,16,2023
2023-03-08 16:34:36,Health,0.9,Wednesday,2023-03-08,16:34:36,March,3,16,2023
2023-03-09 05:20:53,Market,1.0,Thursday,2023-03-09,05:20:53,March,3,5,2023
2023-03-09 09:38:33,Business lunch,13.12,Thursday,2023-03-09,09:38:33,March,3,9,2023
2023-03-09 15:22:03,Market,5.0,Thursday,2023-03-09,15:22:03,March,3,15,2023
2023-03-09 17:33:13,Coffe,3.12,Thursday,2023-03-09,17:33:13,March,3,17,2023
2023-03-09 17:54:19,Market,6.46,Thursday,2023-03-09,17:54:19,March,3,17,2023
2023-03-11 08:04:50,Restuarant,19.0,Saturday,2023-03-11,08:04:50,March,3,8,2023
2023-03-11 08:05:11,Communal,150.0,Saturday,2023-03-11,08:05:11,March,3,8,2023
2023-03-11 08:22:51,Coffe,16.0,Saturday,2023-03-11,08:22:51,March,3,8,2023
2023-03-11 10:23:30,Coffe,7.0,Saturday,2023-03-11,10:23:30,March,3,10,2023
2023-03-11 19:05:06,Restuarant,36.0,Saturday,2023-03-11,19:05:06,March,3,19,2023
2023-03-12 08:07:34,Restuarant,39.0,Sunday,2023-03-12,08:07:34,March,3,8,2023
2023-03-12 08:07:38,Coffe,7.1,Sunday,2023-03-12,08:07:38,March,3,8,2023
2023-03-12 11:23:50,Coffe,7.1,Sunday,2023-03-12,11:23:50,March,3,11,2023
2023-03-12 13:54:18,Coffe,9.0,Sunday,2023-03-12,13:54:18,March,3,13,2023
2023-03-11 20:41:00,Other,5.0,Saturday,2023-03-11,20:41:00,March,3,20,2023
2023-03-11 20:41:59,Restuarant,10.0,Saturday,2023-03-11,20:41:59,March,3,20,2023
2023-03-13 10:43:53,Business lunch,10.0,Monday,2023-03-13,10:43:53,March,3,10,2023
2023-03-13 17:07:17,Coffe,7.1,Monday,2023-03-13,17:07:17,March,3,17,2023
2023-03-13 17:07:19,Coffe,3.12,Monday,2023-03-13,17:07:19,March,3,17,2023
2023-03-13 19:12:58,Transport,5.0,Monday,2023-03-13,19:12:58,March,3,19,2023
2023-03-13 19:33:20,Market,13.51,Monday,2023-03-13,19:33:20,March,3,19,2023
2023-03-14 09:44:45,Business lunch,10.0,Tuesday,2023-03-14,09:44:45,March,3,9,2023
2023-03-14 14:43:01,Coffe,7.1,Tuesday,2023-03-14,14:43:01,March,3,14,2023
2023-03-14 17:45:39,Restuarant,5.4,Tuesday,2023-03-14,17:45:39,March,3,17,2023
2023-03-14 18:50:41,Market,9.24,Tuesday,2023-03-14,18:50:41,March,3,18,2023
2023-03-15 09:50:30,Business lunch,9.0,Wednesday,2023-03-15,09:50:30,March,3,9,2023
2023-03-15 10:00:59,Market,0.7,Wednesday,2023-03-15,10:00:59,March,3,10,2023
2023-03-15 15:38:43,Coffe,7.3,Wednesday,2023-03-15,15:38:43,March,3,15,2023
2023-03-15 17:40:06,Coffe,7.1,Wednesday,2023-03-15,17:40:06,March,3,17,2023
2023-03-14 21:21:30,Market,7.52,Tuesday,2023-03-14,21:21:30,March,3,21,2023
2023-03-14 21:21:00,Restuarant,5.4,Tuesday,2023-03-14,21:21:00,March,3,21,2023
2023-03-16 09:57:04,Market,8.4,Thursday,2023-03-16,09:57:04,March,3,9,2023
2023-03-16 15:41:33,Coffe,7.1,Thursday,2023-03-16,15:41:33,March,3,15,2023
2023-03-16 17:06:00,Coffe,9.0,Thursday,2023-03-16,17:06:00,March,3,17,2023
2023-03-16 17:06:11,Business lunch,8.5,Thursday,2023-03-16,17:06:11,March,3,17,2023
2023-03-16 18:52:37,Market,6.08,Thursday,2023-03-16,18:52:37,March,3,18,2023
2023-03-17 08:16:37,Sport,30.0,Friday,2023-03-17,08:16:37,March,3,8,2023
2023-03-17 10:10:53,Market,1.0,Friday,2023-03-17,10:10:53,March,3,10,2023
2023-03-17 14:31:04,Coffe,7.1,Friday,2023-03-17,14:31:04,March,3,14,2023
2023-03-17 15:24:29,Coffe,7.1,Friday,2023-03-17,15:24:29,March,3,15,2023
2023-03-17 16:31:47,Coffe,8.9,Friday,2023-03-17,16:31:47,March,3,16,2023
2023-03-17 19:29:55,Market,8.55,Friday,2023-03-17,19:29:55,March,3,19,2023
2023-03-18 06:50:54,Clothing,70.0,Saturday,2023-03-18,06:50:54,March,3,6,2023
2023-03-18 07:35:31,Coffe,7.1,Saturday,2023-03-18,07:35:31,March,3,7,2023
2023-03-18 09:20:54,Coffe,7.1,Saturday,2023-03-18,09:20:54,March,3,9,2023
2023-03-18 10:35:27,Coffe,7.5,Saturday,2023-03-18,10:35:27,March,3,10,2023
2023-03-18 12:57:11,Events,100.0,Saturday,2023-03-18,12:57:11,March,3,12,2023
2023-03-18 13:20:59,Market,1.0,Saturday,2023-03-18,13:20:59,March,3,13,2023
2023-03-18 13:51:51,Coffe,7.1,Saturday,2023-03-18,13:51:51,March,3,13,2023
2023-03-18 15:24:25,Coffe,7.0,Saturday,2023-03-18,15:24:25,March,3,15,2023
2023-03-19 08:33:43,Phone,3.0,Sunday,2023-03-19,08:33:43,March,3,8,2023
2023-03-19 10:11:32,Coffe,7.1,Sunday,2023-03-19,10:11:32,March,3,10,2023
2023-03-19 10:21:06,Coffe,7.1,Sunday,2023-03-19,10:21:06,March,3,10,2023
2023-03-19 12:27:20,Market,1.6,Sunday,2023-03-19,12:27:20,March,3,12,2023
2023-03-19 13:46:18,Coffe,7.1,Sunday,2023-03-19,13:46:18,March,3,13,2023
2023-03-19 15:27:48,Coffe,7.1,Sunday,2023-03-19,15:27:48,March,3,15,2023
2023-03-20 09:36:00,Coffe,7.1,Monday,2023-03-20,09:36:00,March,3,9,2023
2023-03-20 12:26:11,Coffe,7.1,Monday,2023-03-20,12:26:11,March,3,12,2023
2023-03-20 12:26:26,Market,2.3,Monday,2023-03-20,12:26:26,March,3,12,2023
2023-03-20 15:21:05,Coffe,7.1,Monday,2023-03-20,15:21:05,March,3,15,2023
2023-03-20 15:38:08,Coffe,8.9,Monday,2023-03-20,15:38:08,March,3,15,2023
2023-03-20 19:26:15,Health,19.0,Monday,2023-03-20,19:26:15,March,3,19,2023
2023-03-20 19:47:10,Market,4.62,Monday,2023-03-20,19:47:10,March,3,19,2023
2023-03-20 19:48:40,Market,1.65,Monday,2023-03-20,19:48:40,March,3,19,2023
2023-03-21 07:08:47,Coffe,7.1,Tuesday,2023-03-21,07:08:47,March,3,7,2023
2023-03-21 09:05:47,Coffe,7.1,Tuesday,2023-03-21,09:05:47,March,3,9,2023
2023-03-21 14:06:30,Market,1.4,Tuesday,2023-03-21,14:06:30,March,3,14,2023
2023-03-21 14:37:42,Coffe,7.1,Tuesday,2023-03-21,14:37:42,March,3,14,2023
2023-03-21 18:07:18,Transport,5.0,Tuesday,2023-03-21,18:07:18,March,3,18,2023
2023-03-21 18:57:45,Market,17.0,Tuesday,2023-03-21,18:57:45,March,3,18,2023
2023-03-22 10:06:17,Coffe,7.1,Wednesday,2023-03-22,10:06:17,March,3,10,2023
2023-03-22 15:14:39,Coffe,9.0,Wednesday,2023-03-22,15:14:39,March,3,15,2023
2023-03-22 16:17:54,Market,1.0,Wednesday,2023-03-22,16:17:54,March,3,16,2023
2023-03-21 20:33:00,Restuarant,13.0,Tuesday,2023-03-21,20:33:00,March,3,20,2023
2023-03-21 21:17:00,Market,17.5,Tuesday,2023-03-21,21:17:00,March,3,21,2023
2023-03-23 08:05:34,Market,7.3,Thursday,2023-03-23,08:05:34,March,3,8,2023
2023-03-23 13:31:22,Market,9.5,Thursday,2023-03-23,13:31:22,March,3,13,2023
2023-03-24 15:26:56,Coffe,16.0,Friday,2023-03-24,15:26:56,March,3,15,2023
2023-03-24 18:21:25,Coffe,7.1,Friday,2023-03-24,18:21:25,March,3,18,2023
2023-03-23 20:51:00,Market,10.0,Thursday,2023-03-23,20:51:00,March,3,20,2023
2023-03-25 08:45:00,Other,12.0,Saturday,2023-03-25,08:45:00,March,3,8,2023
2023-03-25 09:00:47,Communal,26.0,Saturday,2023-03-25,09:00:47,March,3,9,2023
2023-03-25 10:04:10,Market,8.0,Saturday,2023-03-25,10:04:10,March,3,10,2023
2023-03-24 20:44:00,Market,4.34,Friday,2023-03-24,20:44:00,March,3,20,2023
2023-03-26 15:19:25,Coffe,16.0,Sunday,2023-03-26,15:19:25,March,3,15,2023
2023-03-26 16:52:58,Phone,1.5,Sunday,2023-03-26,16:52:58,March,3,16,2023
2023-03-26 16:59:52,Coffe,7.1,Sunday,2023-03-26,16:59:52,March,3,16,2023
2023-03-25 20:35:58,Market,3.6,Saturday,2023-03-25,20:35:58,March,3,20,2023
2023-03-27 19:18:00,Restuarant,26.0,Monday,2023-03-27,19:18:00,March,3,19,2023
2023-03-26 20:18:00,Restuarant,12.0,Sunday,2023-03-26,20:18:00,March,3,20,2023
2023-03-27 19:51:57,Market,10.41,Monday,2023-03-27,19:51:57,March,3,19,2023
2023-03-28 14:12:21,Transport,5.0,Tuesday,2023-03-28,14:12:21,March,3,14,2023
2023-03-28 15:06:52,Market,10.17,Tuesday,2023-03-28,15:06:52,March,3,15,2023
2023-03-29 18:16:51,Restuarant,20.0,Wednesday,2023-03-29,18:16:51,March,3,18,2023
2023-03-29 04:09:00,Market,6.5,Wednesday,2023-03-29,04:09:00,March,3,4,2023
2023-03-29 05:21:57,Restuarant,5.0,Wednesday,2023-03-29,05:21:57,March,3,5,2023
2023-03-30 10:10:09,Phone,1.61,Thursday,2023-03-30,10:10:09,March,3,10,2023
2023-03-30 15:07:40,Market,19.5,Thursday,2023-03-30,15:07:40,March,3,15,2023
2023-03-31 06:39:39,Other,20.0,Friday,2023-03-31,06:39:39,March,3,6,2023
2023-03-31 10:50:51,Market,8.9,Friday,2023-03-31,10:50:51,March,3,10,2023
2023-03-31 13:06:22,Events,28.0,Friday,2023-03-31,13:06:22,March,3,13,2023
2023-03-31 19:40:16,Restuarant,34.0,Friday,2023-03-31,19:40:16,March,3,19,2023
2023-04-01 15:29:15,Coffe,14.3,Saturday,2023-04-01,15:29:15,April,4,15,2023
2023-04-01 19:51:41,Transport,5.0,Saturday,2023-04-01,19:51:41,April,4,19,2023
2023-03-31 20:56:00,Market,20.0,Friday,2023-03-31,20:56:00,March,3,20,2023
2023-04-02 08:52:46,Learning,24.0,Sunday,2023-04-02,08:52:46,April,4,8,2023
2023-04-02 15:49:05,Phone,10.0,Sunday,2023-04-02,15:49:05,April,4,15,2023
2023-04-01 21:09:00,Restuarant,34.0,Saturday,2023-04-01,21:09:00,April,4,21,2023
2023-04-03 16:10:19,Phone,1.81,Monday,2023-04-03,16:10:19,April,4,16,2023
2023-04-03 19:25:18,Restuarant,36.0,Monday,2023-04-03,19:25:18,April,4,19,2023
2023-04-03 19:25:19,Restuarant,25.0,Monday,2023-04-03,19:25:19,April,4,19,2023
2023-04-04 15:28:31,Coffe,16.0,Tuesday,2023-04-04,15:28:31,April,4,15,2023
2023-04-04 16:56:27,Coffe,7.1,Tuesday,2023-04-04,16:56:27,April,4,16,2023
2023-04-05 10:05:17,Sport,68.0,Wednesday,2023-04-05,10:05:17,April,4,10,2023
2023-04-05 15:31:58,Coffe,16.0,Wednesday,2023-04-05,15:31:58,April,4,15,2023
2023-04-05 16:46:54,Coffe,7.1,Wednesday,2023-04-05,16:46:54,April,4,16,2023
2023-04-05 19:26:58,Market,37.0,Wednesday,2023-04-05,19:26:58,April,4,19,2023
2023-04-06 15:32:22,Coffe,16.0,Thursday,2023-04-06,15:32:22,April,4,15,2023
2023-04-06 17:41:48,Coffe,7.1,Thursday,2023-04-06,17:41:48,April,4,17,2023
2023-04-05 20:21:00,Market,11.0,Wednesday,2023-04-05,20:21:00,April,4,20,2023
2023-04-07 15:33:39,Coffe,16.0,Friday,2023-04-07,15:33:39,April,4,15,2023
2023-04-06 20:51:00,Restuarant,85.0,Thursday,2023-04-06,20:51:00,April,4,20,2023
2023-04-08 15:32:07,Coffe,16.0,Saturday,2023-04-08,15:32:07,April,4,15,2023
2023-04-08 17:24:35,Coffe,8.13,Saturday,2023-04-08,17:24:35,April,4,17,2023
2023-04-08 19:14:06,Transport,5.0,Saturday,2023-04-08,19:14:06,April,4,19,2023
2023-04-07 20:19:00,Market,15.83,Friday,2023-04-07,20:19:00,April,4,20,2023
2023-04-09 09:56:22,Other,10.0,Sunday,2023-04-09,09:56:22,April,4,9,2023
2023-04-09 15:33:07,Coffe,16.0,Sunday,2023-04-09,15:33:07,April,4,15,2023
2023-04-09 17:06:23,Coffe,7.9,Sunday,2023-04-09,17:06:23,April,4,17,2023
2023-04-08 20:45:00,Market,32.0,Saturday,2023-04-08,20:45:00,April,4,20,2023
2023-04-10 18:18:12,Phone,7.2,Monday,2023-04-10,18:18:12,April,4,18,2023
2023-04-10 19:16:41,Restuarant,223.0,Monday,2023-04-10,19:16:41,April,4,19,2023
2023-04-09 20:35:58,Market,4.23,Sunday,2023-04-09,20:35:58,April,4,20,2023
2023-04-11 14:13:16,Health,39.2,Tuesday,2023-04-11,14:13:16,April,4,14,2023
2023-04-11 15:37:54,Coffe,14.6,Tuesday,2023-04-11,15:37:54,April,4,15,2023
2023-04-11 16:33:10,Coffe,7.1,Tuesday,2023-04-11,16:33:10,April,4,16,2023
2023-04-10 20:40:00,Market,18.32,Monday,2023-04-10,20:40:00,April,4,20,2023
2023-04-12 05:11:03,Communal,150.0,Wednesday,2023-04-12,05:11:03,April,4,5,2023
2023-04-12 15:41:32,Coffe,16.0,Wednesday,2023-04-12,15:41:32,April,4,15,2023
2023-04-12 19:39:46,Restuarant,25.0,Wednesday,2023-04-12,19:39:46,April,4,19,2023
2023-04-11 20:22:00,Market,8.67,Tuesday,2023-04-11,20:22:00,April,4,20,2023
2023-04-13 15:18:20,Market,25.2,Thursday,2023-04-13,15:18:20,April,4,15,2023
2023-04-14 13:49:59,Restuarant,33.0,Friday,2023-04-14,13:49:59,April,4,13,2023
2023-04-14 15:41:50,Coffe,16.0,Friday,2023-04-14,15:41:50,April,4,15,2023
2023-04-14 17:40:23,Coffe,7.1,Friday,2023-04-14,17:40:23,April,4,17,2023
2023-04-13 20:46:00,Market,8.17,Thursday,2023-04-13,20:46:00,April,4,20,2023
2023-04-15 08:56:01,Taxi,3.0,Saturday,2023-04-15,08:56:01,April,4,8,2023
2023-04-15 13:37:38,Market,2.3,Saturday,2023-04-15,13:37:38,April,4,13,2023
2023-04-15 13:37:44,Other,8.0,Saturday,2023-04-15,13:37:44,April,4,13,2023
2023-04-15 14:17:59,Clothing,47.0,Saturday,2023-04-15,14:17:59,April,4,14,2023
2023-04-15 17:45:05,Coffe,7.1,Saturday,2023-04-15,17:45:05,April,4,17,2023
2023-04-15 19:35:26,Transport,5.0,Saturday,2023-04-15,19:35:26,April,4,19,2023
2023-04-16 16:21:43,Coffe,7.1,Sunday,2023-04-16,16:21:43,April,4,16,2023
2023-04-15 20:44:00,Market,30.0,Saturday,2023-04-15,20:44:00,April,4,20,2023
2023-04-16 18:35:00,Coffe,7.1,Sunday,2023-04-16,18:35:00,April,4,18,2023
2023-04-17 16:59:01,Coffe,7.1,Monday,2023-04-17,16:59:01,April,4,16,2023
2023-04-17 16:59:05,Restuarant,24.0,Monday,2023-04-17,16:59:05,April,4,16,2023
2023-04-18 12:40:49,Travel,78.0,Tuesday,2023-04-18,12:40:49,April,4,12,2023
2023-04-18 15:46:16,Coffe,16.0,Tuesday,2023-04-18,15:46:16,April,4,15,2023
2023-04-18 17:12:36,Coffe,7.1,Tuesday,2023-04-18,17:12:36,April,4,17,2023
2023-04-19 04:05:03,Phone,2.0,Wednesday,2023-04-19,04:05:03,April,4,4,2023
2023-04-19 15:44:51,Coffe,17.0,Wednesday,2023-04-19,15:44:51,April,4,15,2023
2023-04-19 18:34:01,Health,17.0,Wednesday,2023-04-19,18:34:01,April,4,18,2023
2023-04-19 18:34:03,Market,12.0,Wednesday,2023-04-19,18:34:03,April,4,18,2023
2023-04-20 18:51:18,Transport,1.5,Thursday,2023-04-20,18:51:18,April,4,18,2023
2023-04-20 18:51:26,Restuarant,35.0,Thursday,2023-04-20,18:51:26,April,4,18,2023
2023-04-19 20:02:59,Restuarant,5.8,Wednesday,2023-04-19,20:02:59,April,4,20,2023
2023-04-21 10:51:02,Restuarant,53.0,Friday,2023-04-21,10:51:02,April,4,10,2023
2023-04-21 12:47:44,Coffe,7.3,Friday,2023-04-21,12:47:44,April,4,12,2023
2023-04-21 13:10:03,Coffe,12.0,Friday,2023-04-21,13:10:03,April,4,13,2023
2023-04-21 13:10:28,Clothing,300.0,Friday,2023-04-21,13:10:28,April,4,13,2023
2023-04-21 15:33:14,Coffe,5.3,Friday,2023-04-21,15:33:14,April,4,15,2023
2023-04-22 16:09:28,Travel,20.0,Saturday,2023-04-22,16:09:28,April,4,16,2023
2023-04-22 18:28:25,Market,1.41,Saturday,2023-04-22,18:28:25,April,4,18,2023
2023-04-23 08:34:53,Events,50.0,Sunday,2023-04-23,08:34:53,April,4,8,2023
2023-04-23 09:43:42,Transport,0.3,Sunday,2023-04-23,09:43:42,April,4,9,2023
2023-04-23 17:24:10,Film/enjoyment,8.0,Sunday,2023-04-23,17:24:10,April,4,17,2023
2023-04-23 17:24:32,Market,2.0,Sunday,2023-04-23,17:24:32,April,4,17,2023
2023-04-23 17:24:46,Restuarant,7.5,Sunday,2023-04-23,17:24:46,April,4,17,2023
2023-04-24 05:56:00,Market,1.2,Monday,2023-04-24,05:56:00,April,4,5,2023
2023-04-24 06:23:22,Market,21.0,Monday,2023-04-24,06:23:22,April,4,6,2023
2023-04-24 06:23:25,Other,10.0,Monday,2023-04-24,06:23:25,April,4,6,2023
2023-04-24 10:51:29,Restuarant,33.0,Monday,2023-04-24,10:51:29,April,4,10,2023
2023-04-24 10:51:33,Coffe,14.0,Monday,2023-04-24,10:51:33,April,4,10,2023
2023-04-24 13:34:02,Restuarant,7.3,Monday,2023-04-24,13:34:02,April,4,13,2023
2023-04-24 15:07:18,Coffe,12.0,Monday,2023-04-24,15:07:18,April,4,15,2023
2023-04-24 17:47:23,Transport,5.0,Monday,2023-04-24,17:47:23,April,4,17,2023
2023-04-24 19:03:29,Market,2.4,Monday,2023-04-24,19:03:29,April,4,19,2023
2023-04-25 05:22:19,Market,1.0,Tuesday,2023-04-25,05:22:19,April,4,5,2023
2023-04-26 05:07:29,Market,0.9,Wednesday,2023-04-26,05:07:29,April,4,5,2023
2023-04-26 09:52:59,Market,2.13,Wednesday,2023-04-26,09:52:59,April,4,9,2023
2023-04-26 09:53:04,Health,5.86,Wednesday,2023-04-26,09:53:04,April,4,9,2023
2023-04-26 15:59:53,Coffe,16.0,Wednesday,2023-04-26,15:59:53,April,4,15,2023
2023-04-27 04:53:39,Market,13.0,Thursday,2023-04-27,04:53:39,April,4,4,2023
2023-04-28 04:49:17,Market,0.9,Friday,2023-04-28,04:49:17,April,4,4,2023
2023-04-27 04:49:00,Restuarant,20.38,Thursday,2023-04-27,04:49:00,April,4,4,2023
2023-04-28 09:35:37,Restuarant,10.0,Friday,2023-04-28,09:35:37,April,4,9,2023
2023-04-28 16:27:22,Coffe,14.3,Friday,2023-04-28,16:27:22,April,4,16,2023
2023-04-28 19:12:21,Transport,5.0,Friday,2023-04-28,19:12:21,April,4,19,2023
2023-04-27 20:01:00,Market,6.54,Thursday,2023-04-27,20:01:00,April,4,20,2023
2023-04-29 03:00:45,Transport,1.0,Saturday,2023-04-29,03:00:45,April,4,3,2023
2023-04-30 09:23:23,Restuarant,13.0,Sunday,2023-04-30,09:23:23,April,4,9,2023
2023-04-30 10:49:17,Restuarant,10.0,Sunday,2023-04-30,10:49:17,April,4,10,2023
2023-04-30 10:49:26,joy,20.0,Sunday,2023-04-30,10:49:26,April,4,10,2023
2023-04-30 14:27:11,Coffe,9.2,Sunday,2023-04-30,14:27:11,April,4,14,2023
2023-04-30 16:38:22,Coffe,7.3,Sunday,2023-04-30,16:38:22,April,4,16,2023
2023-04-30 19:51:29,Market,6.5,Sunday,2023-04-30,19:51:29,April,4,19,2023
2023-05-01 05:55:07,Sport,490.0,Monday,2023-05-01,05:55:07,May,5,5,2023
2023-05-01 09:46:21,Restuarant,10.0,Monday,2023-05-01,09:46:21,May,5,9,2023
2023-05-01 15:10:18,Coffe,16.0,Monday,2023-05-01,15:10:18,May,5,15,2023
2023-05-01 17:03:53,Other,10.0,Monday,2023-05-01,17:03:53,May,5,17,2023
2023-05-02 02:33:09,Transport,1.0,Tuesday,2023-05-02,02:33:09,May,5,2,2023
2023-05-02 06:10:01,Phone,13.0,Tuesday,2023-05-02,06:10:01,May,5,6,2023
2023-05-02 11:06:53,Coffe,12.6,Tuesday,2023-05-02,11:06:53,May,5,11,2023
2023-05-02 16:26:44,Coffe,17.0,Tuesday,2023-05-02,16:26:44,May,5,16,2023
2023-05-03 10:03:44,Business lunch,13.0,Wednesday,2023-05-03,10:03:44,May,5,10,2023
2023-05-03 14:20:10,Sport,20.0,Wednesday,2023-05-03,14:20:10,May,5,14,2023
2023-05-03 14:51:30,Transport,5.0,Wednesday,2023-05-03,14:51:30,May,5,14,2023
2023-05-03 15:51:17,Market,9.32,Wednesday,2023-05-03,15:51:17,May,5,15,2023
2023-05-03 20:29:58,Restuarant,45.0,Wednesday,2023-05-03,20:29:58,May,5,20,2023
2023-05-05 17:48:19,Restuarant,63.0,Friday,2023-05-05,17:48:19,May,5,17,2023
2023-05-05 18:13:58,Market,2.23,Friday,2023-05-05,18:13:58,May,5,18,2023
2023-05-06 05:19:43,Transport,0.7,Saturday,2023-05-06,05:19:43,May,5,5,2023
2023-05-06 07:04:43,Restuarant,20.0,Saturday,2023-05-06,07:04:43,May,5,7,2023
2023-05-06 07:45:44,Coffe,7.0,Saturday,2023-05-06,07:45:44,May,5,7,2023
2023-05-06 10:51:33,Market,20.0,Saturday,2023-05-06,10:51:33,May,5,10,2023
2023-05-06 14:12:28,Coffe,8.9,Saturday,2023-05-06,14:12:28,May,5,14,2023
2023-05-06 14:55:37,Coffe,7.1,Saturday,2023-05-06,14:55:37,May,5,14,2023
2023-05-07 11:21:11,Coffe,12.0,Sunday,2023-05-07,11:21:11,May,5,11,2023
2023-05-07 11:21:15,Coffe,7.1,Sunday,2023-05-07,11:21:15,May,5,11,2023
2023-05-07 11:21:17,Restuarant,20.0,Sunday,2023-05-07,11:21:17,May,5,11,2023
2023-05-07 12:51:20,Coffe,9.0,Sunday,2023-05-07,12:51:20,May,5,12,2023
2023-05-07 14:16:03,Coffe,8.0,Sunday,2023-05-07,14:16:03,May,5,14,2023
2023-05-07 16:43:52,Coffe,14.3,Sunday,2023-05-07,16:43:52,May,5,16,2023
2023-05-08 03:28:56,Clothing,30.0,Monday,2023-05-08,03:28:56,May,5,3,2023
2023-05-08 05:00:56,Market,0.9,Monday,2023-05-08,05:00:56,May,5,5,2023
2023-05-08 10:26:23,Market,9.32,Monday,2023-05-08,10:26:23,May,5,10,2023
2023-05-08 15:30:08,Coffe,16.0,Monday,2023-05-08,15:30:08,May,5,15,2023
2023-05-08 17:49:32,Market,31.0,Monday,2023-05-08,17:49:32,May,5,17,2023
2023-05-08 05:27:00,Taxi,4.0,Monday,2023-05-08,05:27:00,May,5,5,2023
2023-05-09 09:02:09,Restuarant,14.6,Tuesday,2023-05-09,09:02:09,May,5,9,2023
2023-05-09 11:24:17,Taxi,1.0,Tuesday,2023-05-09,11:24:17,May,5,11,2023
2023-05-09 11:34:04,Coffe,12.0,Tuesday,2023-05-09,11:34:04,May,5,11,2023
2023-05-09 12:45:51,Taxi,3.0,Tuesday,2023-05-09,12:45:51,May,5,12,2023
2023-05-09 12:56:31,Market,2.51,Tuesday,2023-05-09,12:56:31,May,5,12,2023
2023-05-09 17:09:59,Taxi,5.49,Tuesday,2023-05-09,17:09:59,May,5,17,2023
2023-05-09 19:26:37,Restuarant,43.0,Tuesday,2023-05-09,19:26:37,May,5,19,2023
2023-05-10 06:35:01,Transport,6.0,Wednesday,2023-05-10,06:35:01,May,5,6,2023
2023-05-10 07:19:23,Coffe,16.0,Wednesday,2023-05-10,07:19:23,May,5,7,2023
2023-05-10 08:08:25,Clothing,59.0,Wednesday,2023-05-10,08:08:25,May,5,8,2023
2023-05-10 12:50:39,Coffe,16.0,Wednesday,2023-05-10,12:50:39,May,5,12,2023
2023-05-10 12:50:42,Restuarant,26.0,Wednesday,2023-05-10,12:50:42,May,5,12,2023
2023-05-10 14:49:14,Phone,5.0,Wednesday,2023-05-10,14:49:14,May,5,14,2023
2023-05-10 18:21:50,Market,10.35,Wednesday,2023-05-10,18:21:50,May,5,18,2023
2023-05-11 15:26:33,Market,1.8,Thursday,2023-05-11,15:26:33,May,5,15,2023
2023-05-11 15:26:35,Restuarant,92.0,Thursday,2023-05-11,15:26:35,May,5,15,2023
2023-05-11 15:44:26,Transport,5.0,Thursday,2023-05-11,15:44:26,May,5,15,2023
2023-05-11 16:45:31,Health,17.0,Thursday,2023-05-11,16:45:31,May,5,16,2023
2023-05-11 16:45:37,Market,11.0,Thursday,2023-05-11,16:45:37,May,5,16,2023
2023-05-12 12:39:07,Communal,150.0,Friday,2023-05-12,12:39:07,May,5,12,2023
2023-05-12 12:39:12,Restuarant,12.0,Friday,2023-05-12,12:39:12,May,5,12,2023
2023-05-12 19:44:12,Health,71.0,Friday,2023-05-12,19:44:12,May,5,19,2023
2023-05-12 19:48:54,Market,8.0,Friday,2023-05-12,19:48:54,May,5,19,2023
2023-05-13 07:45:54,Coffe,15.0,Saturday,2023-05-13,07:45:54,May,5,7,2023
2023-05-13 09:52:34,Coffe,7.9,Saturday,2023-05-13,09:52:34,May,5,9,2023
2023-05-13 09:52:36,Learning,35.0,Saturday,2023-05-13,09:52:36,May,5,9,2023
2023-05-13 13:22:36,Restuarant,13.0,Saturday,2023-05-13,13:22:36,May,5,13,2023
2023-05-13 13:46:52,Coffe,7.1,Saturday,2023-05-13,13:46:52,May,5,13,2023
2023-05-13 15:21:12,Coffe,9.0,Saturday,2023-05-13,15:21:12,May,5,15,2023
2023-05-13 18:44:02,Market,4.0,Saturday,2023-05-13,18:44:02,May,5,18,2023
2023-05-14 07:07:34,Coffe,16.0,Sunday,2023-05-14,07:07:34,May,5,7,2023
2023-05-14 09:08:26,Coffe,14.4,Sunday,2023-05-14,09:08:26,May,5,9,2023
2023-05-14 09:48:28,Learning,1.1,Sunday,2023-05-14,09:48:28,May,5,9,2023
2023-05-14 12:37:22,Coffe,9.0,Sunday,2023-05-14,12:37:22,May,5,12,2023
2023-05-14 14:32:10,Taxi,4.0,Sunday,2023-05-14,14:32:10,May,5,14,2023
2023-05-14 14:32:14,Other,10.0,Sunday,2023-05-14,14:32:14,May,5,14,2023
2023-05-14 18:17:04,Coffe,8.9,Sunday,2023-05-14,18:17:04,May,5,18,2023
2023-05-14 18:37:38,Taxi,4.29,Sunday,2023-05-14,18:37:38,May,5,18,2023
2023-05-15 05:12:23,Market,1.0,Monday,2023-05-15,05:12:23,May,5,5,2023
2023-05-15 08:49:37,Restuarant,6.0,Monday,2023-05-15,08:49:37,May,5,8,2023
2023-05-15 10:12:22,Market,6.0,Monday,2023-05-15,10:12:22,May,5,10,2023
2023-05-15 14:17:21,Coffe,7.9,Monday,2023-05-15,14:17:21,May,5,14,2023
2023-05-15 15:56:35,Coffe,23.0,Monday,2023-05-15,15:56:35,May,5,15,2023
2023-05-16 10:06:05,Market,8.5,Tuesday,2023-05-16,10:06:05,May,5,10,2023
2023-05-16 18:58:21,Market,4.0,Tuesday,2023-05-16,18:58:21,May,5,18,2023
2023-05-16 18:58:26,Restuarant,100.0,Tuesday,2023-05-16,18:58:26,May,5,18,2023
2023-05-16 19:42:28,Market,2.0,Tuesday,2023-05-16,19:42:28,May,5,19,2023
2023-05-17 05:11:16,Market,1.6,Wednesday,2023-05-17,05:11:16,May,5,5,2023
2023-05-17 10:03:01,Restuarant,12.0,Wednesday,2023-05-17,10:03:01,May,5,10,2023
2023-05-17 10:03:04,Market,4.0,Wednesday,2023-05-17,10:03:04,May,5,10,2023
2023-05-17 14:31:26,Coffe,7.1,Wednesday,2023-05-17,14:31:26,May,5,14,2023
2023-05-17 16:15:45,Coffe,7.1,Wednesday,2023-05-17,16:15:45,May,5,16,2023
2023-05-17 19:37:34,Market,8.0,Wednesday,2023-05-17,19:37:34,May,5,19,2023
2023-05-18 05:04:49,Market,2.0,Thursday,2023-05-18,05:04:49,May,5,5,2023
2023-05-18 10:06:47,Market,1.0,Thursday,2023-05-18,10:06:47,May,5,10,2023
2023-05-18 14:31:02,Coffe,7.1,Thursday,2023-05-18,14:31:02,May,5,14,2023
2023-05-18 17:23:30,Transport,5.0,Thursday,2023-05-18,17:23:30,May,5,17,2023
2023-05-18 18:22:10,Market,8.0,Thursday,2023-05-18,18:22:10,May,5,18,2023
2023-05-19 09:59:54,Restuarant,11.0,Friday,2023-05-19,09:59:54,May,5,9,2023
2023-05-19 10:57:01,Learning,1.4,Friday,2023-05-19,10:57:01,May,5,10,2023
2023-05-19 16:07:26,Coffe,7.1,Friday,2023-05-19,16:07:26,May,5,16,2023
2023-05-19 19:20:56,Market,12.45,Friday,2023-05-19,19:20:56,May,5,19,2023
2023-05-20 09:59:24,Market,1.5,Saturday,2023-05-20,09:59:24,May,5,9,2023
2023-05-20 09:59:27,Coffe,7.0,Saturday,2023-05-20,09:59:27,May,5,9,2023
2023-05-20 13:26:03,Coffe,15.0,Saturday,2023-05-20,13:26:03,May,5,13,2023
2023-05-20 19:29:24,Market,8.0,Saturday,2023-05-20,19:29:24,May,5,19,2023
2023-05-20 19:29:28,Restuarant,114.0,Saturday,2023-05-20,19:29:28,May,5,19,2023
2023-05-20 19:29:32,Taxi,5.0,Saturday,2023-05-20,19:29:32,May,5,19,2023
2023-05-21 07:34:13,Coffe,7.1,Sunday,2023-05-21,07:34:13,May,5,7,2023
2023-05-21 07:34:15,Taxi,3.0,Sunday,2023-05-21,07:34:15,May,5,7,2023
2023-05-21 11:33:30,Taxi,3.0,Sunday,2023-05-21,11:33:30,May,5,11,2023
2023-05-21 11:50:38,Coffe,9.0,Sunday,2023-05-21,11:50:38,May,5,11,2023
2023-05-21 15:19:52,Market,22.0,Sunday,2023-05-21,15:19:52,May,5,15,2023
2023-05-21 15:20:49,Health,17.0,Sunday,2023-05-21,15:20:49,May,5,15,2023
2023-05-21 15:21:39,Other,10.0,Sunday,2023-05-21,15:21:39,May,5,15,2023
2023-05-22 02:55:32,Market,0.85,Monday,2023-05-22,02:55:32,May,5,2,2023
2023-05-22 04:25:15,Market,3.0,Monday,2023-05-22,04:25:15,May,5,4,2023
2023-05-22 04:25:20,Market,0.05,Monday,2023-05-22,04:25:20,May,5,4,2023
2023-05-22 09:35:06,Restuarant,8.5,Monday,2023-05-22,09:35:06,May,5,9,2023
2023-05-22 15:11:20,Coffe,7.1,Monday,2023-05-22,15:11:20,May,5,15,2023
2023-05-22 16:28:10,Coffe,7.1,Monday,2023-05-22,16:28:10,May,5,16,2023
2023-05-22 19:19:01,Market,29.0,Monday,2023-05-22,19:19:01,May,5,19,2023
2023-05-23 04:56:03,Market,4.1,Tuesday,2023-05-23,04:56:03,May,5,4,2023
2023-05-23 08:31:04,Health,55.0,Tuesday,2023-05-23,08:31:04,May,5,8,2023
2023-05-23 09:54:37,Restuarant,8.0,Tuesday,2023-05-23,09:54:37,May,5,9,2023
2023-05-23 15:13:34,Coffe,7.1,Tuesday,2023-05-23,15:13:34,May,5,15,2023
2023-05-24 05:00:37,Market,3.4,Wednesday,2023-05-24,05:00:37,May,5,5,2023
2023-05-24 07:42:46,Phone,5.0,Wednesday,2023-05-24,07:42:46,May,5,7,2023
2023-05-24 10:02:04,Business lunch,6.0,Wednesday,2023-05-24,10:02:04,May,5,10,2023
2023-05-24 16:55:40,Coffe,24.0,Wednesday,2023-05-24,16:55:40,May,5,16,2023
2023-05-24 19:11:54,Transport,5.0,Wednesday,2023-05-24,19:11:54,May,5,19,2023
2023-05-25 04:54:31,Market,5.81,Thursday,2023-05-25,04:54:31,May,5,4,2023
2023-05-25 07:34:52,Other,1.7,Thursday,2023-05-25,07:34:52,May,5,7,2023
2023-05-25 10:11:50,Market,1.45,Thursday,2023-05-25,10:11:50,May,5,10,2023
2023-05-25 11:50:42,Market,2.0,Thursday,2023-05-25,11:50:42,May,5,11,2023
2023-05-25 16:22:01,Coffe,7.1,Thursday,2023-05-25,16:22:01,May,5,16,2023
2023-05-26 05:36:34,Market,5.0,Friday,2023-05-26,05:36:34,May,5,5,2023
2023-05-26 06:13:16,Health,11.0,Friday,2023-05-26,06:13:16,May,5,6,2023
2023-05-26 10:05:24,Market,3.0,Friday,2023-05-26,10:05:24,May,5,10,2023
2023-05-26 16:57:26,Phone,2.0,Friday,2023-05-26,16:57:26,May,5,16,2023
2023-05-26 19:22:00,Market,20.27,Friday,2023-05-26,19:22:00,May,5,19,2023
2023-05-27 06:17:28,Coffe,8.1,Saturday,2023-05-27,06:17:28,May,5,6,2023
2023-05-27 08:13:46,Coffe,8.1,Saturday,2023-05-27,08:13:46,May,5,8,2023
2023-05-27 10:33:57,Coffe,9.0,Saturday,2023-05-27,10:33:57,May,5,10,2023
2023-05-27 12:43:13,Market,1.8,Saturday,2023-05-27,12:43:13,May,5,12,2023
2023-05-27 14:45:17,Coffe,12.0,Saturday,2023-05-27,14:45:17,May,5,14,2023
2023-05-27 16:37:45,Coffe,8.9,Saturday,2023-05-27,16:37:45,May,5,16,2023
2023-05-27 18:48:06,Restuarant,5.4,Saturday,2023-05-27,18:48:06,May,5,18,2023
2023-05-28 12:41:26,Restuarant,7.3,Sunday,2023-05-28,12:41:26,May,5,12,2023
2023-05-28 13:05:52,Market,0.85,Sunday,2023-05-28,13:05:52,May,5,13,2023
2023-05-28 13:06:01,Coffe,7.3,Sunday,2023-05-28,13:06:01,May,5,13,2023
2023-05-28 14:17:19,Taxi,1.6,Sunday,2023-05-28,14:17:19,May,5,14,2023
2023-05-28 14:33:49,Coffe,8.1,Sunday,2023-05-28,14:33:49,May,5,14,2023
2023-05-28 17:23:55,Market,13.68,Sunday,2023-05-28,17:23:55,May,5,17,2023
2023-05-29 04:43:40,Taxi,1.55,Monday,2023-05-29,04:43:40,May,5,4,2023
2023-05-29 04:59:43,Coffe,7.1,Monday,2023-05-29,04:59:43,May,5,4,2023
2023-05-29 09:55:19,Coffe,9.0,Monday,2023-05-29,09:55:19,May,5,9,2023
2023-05-29 10:49:07,Coffe,9.2,Monday,2023-05-29,10:49:07,May,5,10,2023
2023-05-29 12:20:02,Restuarant,14.6,Monday,2023-05-29,12:20:02,May,5,12,2023
2023-05-30 04:16:53,Market,3.0,Tuesday,2023-05-30,04:16:53,May,5,4,2023
2023-05-30 10:20:19,Market,9.34,Tuesday,2023-05-30,10:20:19,May,5,10,2023
2023-05-30 15:04:06,Transport,5.0,Tuesday,2023-05-30,15:04:06,May,5,15,2023
2023-05-30 15:11:07,Restuarant,6.0,Tuesday,2023-05-30,15:11:07,May,5,15,2023
2023-05-31 05:40:19,Market,1.65,Wednesday,2023-05-31,05:40:19,May,5,5,2023
2023-05-31 10:06:56,Market,3.36,Wednesday,2023-05-31,10:06:56,May,5,10,2023
2023-05-31 19:54:42,Market,1.7,Wednesday,2023-05-31,19:54:42,May,5,19,2023
2023-05-31 19:54:54,Restuarant,30.0,Wednesday,2023-05-31,19:54:54,May,5,19,2023
2023-06-01 05:01:59,Events,50.0,Thursday,2023-06-01,05:01:59,June,6,5,2023
2023-06-01 05:02:06,Market,1.65,Thursday,2023-06-01,05:02:06,June,6,5,2023
2023-06-01 10:00:38,Restuarant,6.0,Thursday,2023-06-01,10:00:38,June,6,10,2023
2023-06-01 13:05:55,Coffe,7.1,Thursday,2023-06-01,13:05:55,June,6,13,2023
2023-06-01 13:58:29,Learning,6.0,Thursday,2023-06-01,13:58:29,June,6,13,2023
2023-06-01 17:14:15,Other,5.0,Thursday,2023-06-01,17:14:15,June,6,17,2023
2023-06-02 05:07:58,Market,8.53,Friday,2023-06-02,05:07:58,June,6,5,2023
2023-06-02 05:09:13,Phone,10.0,Friday,2023-06-02,05:09:13,June,6,5,2023
2023-06-02 07:57:04,Market,1.45,Friday,2023-06-02,07:57:04,June,6,7,2023
2023-06-02 09:48:21,Sport,20.0,Friday,2023-06-02,09:48:21,June,6,9,2023
2023-06-02 10:04:03,Business lunch,8.0,Friday,2023-06-02,10:04:03,June,6,10,2023
2023-06-02 14:52:28,Coffe,8.1,Friday,2023-06-02,14:52:28,June,6,14,2023
2023-06-02 15:38:54,Phone,1.0,Friday,2023-06-02,15:38:54,June,6,15,2023
2023-06-02 18:17:15,Market,7.58,Friday,2023-06-02,18:17:15,June,6,18,2023
2023-06-03 07:27:34,Taxi,1.56,Saturday,2023-06-03,07:27:34,June,6,7,2023
2023-06-03 07:51:34,Coffe,7.1,Saturday,2023-06-03,07:51:34,June,6,7,2023
2023-06-03 09:49:34,Restuarant,16.8,Saturday,2023-06-03,09:49:34,June,6,9,2023
2023-06-03 14:07:36,Coffe,8.1,Saturday,2023-06-03,14:07:36,June,6,14,2023
2023-06-03 16:01:26,Coffe,7.0,Saturday,2023-06-03,16:01:26,June,6,16,2023
2023-06-03 18:48:01,Market,8.21,Saturday,2023-06-03,18:48:01,June,6,18,2023
2023-06-03 19:04:39,Market,10.0,Saturday,2023-06-03,19:04:39,June,6,19,2023
2023-06-03 19:26:30,Events,100.0,Saturday,2023-06-03,19:26:30,June,6,19,2023
2023-06-04 06:18:49,Market,1.9,Sunday,2023-06-04,06:18:49,June,6,6,2023
2023-06-04 06:19:07,Taxi,6.0,Sunday,2023-06-04,06:19:07,June,6,6,2023
2023-06-04 06:21:25,Coffe,7.3,Sunday,2023-06-04,06:21:25,June,6,6,2023
2023-06-04 08:36:04,Coffe,16.0,Sunday,2023-06-04,08:36:04,June,6,8,2023
2023-06-04 11:59:08,Market,1.85,Sunday,2023-06-04,11:59:08,June,6,11,2023
2023-06-04 13:43:34,Transport,4.0,Sunday,2023-06-04,13:43:34,June,6,13,2023
2023-06-04 14:17:32,Market,1.85,Sunday,2023-06-04,14:17:32,June,6,14,2023
2023-06-04 15:11:23,Taxi,3.0,Sunday,2023-06-04,15:11:23,June,6,15,2023
2023-06-04 17:43:07,Market,50.0,Sunday,2023-06-04,17:43:07,June,6,17,2023
2023-06-04 19:08:48,Market,1.6,Sunday,2023-06-04,19:08:48,June,6,19,2023
2023-06-05 05:18:25,Market,2.63,Monday,2023-06-05,05:18:25,June,6,5,2023
2023-06-05 08:37:15,Other,3.4,Monday,2023-06-05,08:37:15,June,6,8,2023
2023-06-05 15:19:44,Restuarant,14.0,Monday,2023-06-05,15:19:44,June,6,15,2023
2023-06-05 15:34:56,Market,0.5,Monday,2023-06-05,15:34:56,June,6,15,2023
2023-06-05 15:58:21,Phone,1.0,Monday,2023-06-05,15:58:21,June,6,15,2023
2023-06-06 04:49:43,Market,5.38,Tuesday,2023-06-06,04:49:43,June,6,4,2023
2023-06-06 10:00:48,Market,1.88,Tuesday,2023-06-06,10:00:48,June,6,10,2023
2023-06-06 16:12:34,Market,5.33,Tuesday,2023-06-06,16:12:34,June,6,16,2023
2023-06-07 05:07:00,Market,2.0,Wednesday,2023-06-07,05:07:00,June,6,5,2023
2023-06-07 10:11:05,Market,4.38,Wednesday,2023-06-07,10:11:05,June,6,10,2023
2023-06-07 18:32:55,Film/enjoyment,7.34,Wednesday,2023-06-07,18:32:55,June,6,18,2023
2023-06-08 14:23:46,Market,7.1,Thursday,2023-06-08,14:23:46,June,6,14,2023
2023-06-08 18:34:33,Market,1.45,Thursday,2023-06-08,18:34:33,June,6,18,2023
2023-06-09 04:27:51,Market,3.33,Friday,2023-06-09,04:27:51,June,6,4,2023
2023-06-09 09:01:34,Phone,1.0,Friday,2023-06-09,09:01:34,June,6,9,2023
2023-06-09 10:03:30,Business lunch,13.0,Friday,2023-06-09,10:03:30,June,6,10,2023
2023-06-09 15:04:43,Coffe,7.1,Friday,2023-06-09,15:04:43,June,6,15,2023
2023-06-09 18:15:28,Market,1.45,Friday,2023-06-09,18:15:28,June,6,18,2023
2023-06-10 06:19:59,Market,3.0,Saturday,2023-06-10,06:19:59,June,6,6,2023
2023-06-10 07:16:29,Coffe,16.0,Saturday,2023-06-10,07:16:29,June,6,7,2023
2023-06-10 10:18:45,Coffe,7.1,Saturday,2023-06-10,10:18:45,June,6,10,2023
2023-06-10 11:42:09,Coffe,7.9,Saturday,2023-06-10,11:42:09,June,6,11,2023
2023-06-10 16:59:32,Market,1.85,Saturday,2023-06-10,16:59:32,June,6,16,2023
2023-06-10 17:12:02,Coffe,8.1,Saturday,2023-06-10,17:12:02,June,6,17,2023
2023-06-10 19:40:53,Market,20.84,Saturday,2023-06-10,19:40:53,June,6,19,2023
2023-06-11 03:19:33,Transport,5.0,Sunday,2023-06-11,03:19:33,June,6,3,2023
2023-06-11 04:49:41,Coffe,17.0,Sunday,2023-06-11,04:49:41,June,6,4,2023
2023-06-11 06:52:33,Coffe,8.1,Sunday,2023-06-11,06:52:33,June,6,6,2023
2023-06-11 11:09:24,Market,1.45,Sunday,2023-06-11,11:09:24,June,6,11,2023
2023-06-12 05:46:21,Market,4.0,Monday,2023-06-12,05:46:21,June,6,5,2023
2023-06-12 10:09:42,Business lunch,8.0,Monday,2023-06-12,10:09:42,June,6,10,2023
2023-06-12 11:23:43,Phone,1.0,Monday,2023-06-12,11:23:43,June,6,11,2023
2023-06-12 15:23:22,Coffe,7.1,Monday,2023-06-12,15:23:22,June,6,15,2023
2023-06-12 18:45:18,Market,5.9,Monday,2023-06-12,18:45:18,June,6,18,2023
2023-06-13 04:40:57,Market,1.0,Tuesday,2023-06-13,04:40:57,June,6,4,2023
2023-06-13 06:07:01,Market,8.35,Tuesday,2023-06-13,06:07:01,June,6,6,2023
2023-06-13 10:25:26,Business lunch,7.0,Tuesday,2023-06-13,10:25:26,June,6,10,2023
2023-06-13 15:58:42,Market,3.72,Tuesday,2023-06-13,15:58:42,June,6,15,2023
2023-06-13 15:51:00,Other,10.0,Tuesday,2023-06-13,15:51:00,June,6,15,2023
2023-06-14 04:48:45,Taxi,10.0,Wednesday,2023-06-14,04:48:45,June,6,4,2023
2023-06-14 09:39:17,Taxi,2.56,Wednesday,2023-06-14,09:39:17,June,6,9,2023
2023-06-14 12:26:18,Market,3.0,Wednesday,2023-06-14,12:26:18,June,6,12,2023
2023-06-14 16:10:07,Market,6.1,Wednesday,2023-06-14,16:10:07,June,6,16,2023
2023-06-15 07:21:08,Communal,200.0,Thursday,2023-06-15,07:21:08,June,6,7,2023
2023-06-15 08:06:23,Coffe,7.1,Thursday,2023-06-15,08:06:23,June,6,8,2023
2023-06-15 14:00:42,Restuarant,13.0,Thursday,2023-06-15,14:00:42,June,6,14,2023
2023-06-15 15:20:14,Market,1.85,Thursday,2023-06-15,15:20:14,June,6,15,2023
2023-06-15 15:24:13,Coffe,10.5,Thursday,2023-06-15,15:24:13,June,6,15,2023
2023-06-16 07:02:47,Market,4.0,Friday,2023-06-16,07:02:47,June,6,7,2023
2023-06-16 10:02:44,Market,3.36,Friday,2023-06-16,10:02:44,June,6,10,2023
2023-06-16 12:30:01,Other,1.0,Friday,2023-06-16,12:30:01,June,6,12,2023
2023-06-17 05:22:54,Coffe,7.1,Saturday,2023-06-17,05:22:54,June,6,5,2023
2023-06-17 07:16:20,Coffe,16.0,Saturday,2023-06-17,07:16:20,June,6,7,2023
2023-06-17 10:55:51,Coffe,10.1,Saturday,2023-06-17,10:55:51,June,6,10,2023
2023-06-17 12:58:06,Restuarant,10.0,Saturday,2023-06-17,12:58:06,June,6,12,2023
2023-06-17 14:33:21,Market,1.75,Saturday,2023-06-17,14:33:21,June,6,14,2023
2023-06-17 14:40:55,Other,10.0,Saturday,2023-06-17,14:40:55,June,6,14,2023
2023-06-17 14:44:13,Market,5.42,Saturday,2023-06-17,14:44:13,June,6,14,2023
2023-06-17 15:12:19,Clothing,106.0,Saturday,2023-06-17,15:12:19,June,6,15,2023
2023-06-17 15:59:11,Market,6.6,Saturday,2023-06-17,15:59:11,June,6,15,2023
2023-06-18 04:21:01,Transport,5.0,Sunday,2023-06-18,04:21:01,June,6,4,2023
2023-06-18 05:11:33,Coffe,7.1,Sunday,2023-06-18,05:11:33,June,6,5,2023
2023-06-18 07:29:13,Coffe,16.0,Sunday,2023-06-18,07:29:13,June,6,7,2023
2023-06-18 10:21:32,Coffe,7.1,Sunday,2023-06-18,10:21:32,June,6,10,2023
2023-06-18 14:28:48,Market,0.75,Sunday,2023-06-18,14:28:48,June,6,14,2023
2023-06-18 15:14:44,Market,10.86,Sunday,2023-06-18,15:14:44,June,6,15,2023
2023-06-19 04:33:44,Market,4.5,Monday,2023-06-19,04:33:44,June,6,4,2023
2023-06-19 09:52:09,Market,4.55,Monday,2023-06-19,09:52:09,June,6,9,2023
2023-06-19 15:36:51,Coffe,8.1,Monday,2023-06-19,15:36:51,June,6,15,2023
2023-06-19 17:39:01,Restuarant,18.0,Monday,2023-06-19,17:39:01,June,6,17,2023
2023-06-19 19:07:56,Restuarant,82.0,Monday,2023-06-19,19:07:56,June,6,19,2023
2023-06-20 10:10:44,Market,7.72,Tuesday,2023-06-20,10:10:44,June,6,10,2023
2023-06-20 14:30:37,Coffe,16.0,Tuesday,2023-06-20,14:30:37,June,6,14,2023
2023-06-20 15:58:56,Learning,25.0,Tuesday,2023-06-20,15:58:56,June,6,15,2023
2023-06-21 05:41:42,Market,5.7,Wednesday,2023-06-21,05:41:42,June,6,5,2023
2023-06-21 10:13:59,Market,12.0,Wednesday,2023-06-21,10:13:59,June,6,10,2023
2023-06-21 14:39:20,Coffe,6.8,Wednesday,2023-06-21,14:39:20,June,6,14,2023
2023-06-21 17:53:29,Market,14.0,Wednesday,2023-06-21,17:53:29,June,6,17,2023
2023-06-22 04:54:25,Market,4.66,Thursday,2023-06-22,04:54:25,June,6,4,2023
2023-06-22 10:16:45,Market,1.3,Thursday,2023-06-22,10:16:45,June,6,10,2023
2023-06-22 14:32:08,Coffe,8.1,Thursday,2023-06-22,14:32:08,June,6,14,2023
2023-06-22 17:44:22,Market,12.0,Thursday,2023-06-22,17:44:22,June,6,17,2023
2023-06-23 04:26:08,Market,2.9,Friday,2023-06-23,04:26:08,June,6,4,2023
2023-06-23 10:16:28,Other,2.0,Friday,2023-06-23,10:16:28,June,6,10,2023
2023-06-23 11:21:12,Market,5.0,Friday,2023-06-23,11:21:12,June,6,11,2023
2023-06-23 14:27:39,Coffe,15.0,Friday,2023-06-23,14:27:39,June,6,14,2023
2023-06-23 17:31:15,Transport,1.0,Friday,2023-06-23,17:31:15,June,6,17,2023
2023-06-24 10:33:03,Market,1.3,Saturday,2023-06-24,10:33:03,June,6,10,2023
2023-06-24 11:09:36,Market,2.0,Saturday,2023-06-24,11:09:36,June,6,11,2023
2023-06-24 14:55:44,Coffe,17.0,Saturday,2023-06-24,14:55:44,June,6,14,2023
2023-06-24 15:25:00,Events,51.0,Saturday,2023-06-24,15:25:00,June,6,15,2023
2023-06-24 17:43:42,Phone,12.0,Saturday,2023-06-24,17:43:42,June,6,17,2023
2023-06-24 18:24:52,Other,10.0,Saturday,2023-06-24,18:24:52,June,6,18,2023
2023-06-25 04:40:39,Market,0.9,Sunday,2023-06-25,04:40:39,June,6,4,2023
2023-06-25 06:37:13,Market,5.32,Sunday,2023-06-25,06:37:13,June,6,6,2023
2023-06-25 14:15:31,Clothing,5.0,Sunday,2023-06-25,14:15:31,June,6,14,2023
2023-06-25 18:00:27,Restuarant,28.0,Sunday,2023-06-25,18:00:27,June,6,18,2023
2023-06-24 20:21:00,joy,45.0,Saturday,2023-06-24,20:21:00,June,6,20,2023
2023-06-24 20:30:00,Taxi,4.41,Saturday,2023-06-24,20:30:00,June,6,20,2023
2023-06-26 05:16:42,Events,18.0,Monday,2023-06-26,05:16:42,June,6,5,2023
2023-06-26 05:42:57,Taxi,6.5,Monday,2023-06-26,05:42:57,June,6,5,2023
2023-06-26 09:28:21,Coffe,7.1,Monday,2023-06-26,09:28:21,June,6,9,2023
2023-06-26 09:30:16,Restuarant,50.0,Monday,2023-06-26,09:30:16,June,6,9,2023
2023-06-26 09:30:18,Restuarant,10.0,Monday,2023-06-26,09:30:18,June,6,9,2023
2023-06-26 14:07:57,Market,1.75,Monday,2023-06-26,14:07:57,June,6,14,2023
2023-06-26 23:41:28,Market,18.39,Monday,2023-06-26,23:41:28,June,6,23,2023
2023-06-27 06:07:22,Taxi,2.71,Tuesday,2023-06-27,06:07:22,June,6,6,2023
2023-06-27 06:35:22,Coffe,7.1,Tuesday,2023-06-27,06:35:22,June,6,6,2023
2023-06-27 08:37:49,Coffe,8.9,Tuesday,2023-06-27,08:37:49,June,6,8,2023
2023-06-27 09:22:03,Coffe,7.1,Tuesday,2023-06-27,09:22:03,June,6,9,2023
2023-06-27 12:58:57,Taxi,1.0,Tuesday,2023-06-27,12:58:57,June,6,12,2023
2023-06-27 15:25:14,Market,2.51,Tuesday,2023-06-27,15:25:14,June,6,15,2023
2023-06-28 05:37:35,Taxi,3.73,Wednesday,2023-06-28,05:37:35,June,6,5,2023
2023-06-28 06:07:40,Coffe,8.1,Wednesday,2023-06-28,06:07:40,June,6,6,2023
2023-06-28 10:09:04,Taxi,1.7,Wednesday,2023-06-28,10:09:04,June,6,10,2023
2023-06-28 10:39:15,Clothing,73.0,Wednesday,2023-06-28,10:39:15,June,6,10,2023
2023-06-28 11:16:12,Restuarant,13.0,Wednesday,2023-06-28,11:16:12,June,6,11,2023
2023-06-28 11:16:52,Taxi,3.8,Wednesday,2023-06-28,11:16:52,June,6,11,2023
2023-06-28 12:00:27,Phone,1.0,Wednesday,2023-06-28,12:00:27,June,6,12,2023
2023-06-29 03:58:46,Transport,10.0,Thursday,2023-06-29,03:58:46,June,6,3,2023
2023-06-29 04:42:38,Coffe,7.1,Thursday,2023-06-29,04:42:38,June,6,4,2023
2023-06-29 11:25:51,Coffe,1.0,Thursday,2023-06-29,11:25:51,June,6,11,2023
2023-06-29 16:07:18,joy,72.0,Thursday,2023-06-29,16:07:18,June,6,16,2023
2023-06-29 16:27:45,Market,3.2,Thursday,2023-06-29,16:27:45,June,6,16,2023
2023-06-30 05:41:44,Taxi,4.02,Friday,2023-06-30,05:41:44,June,6,5,2023
2023-06-30 05:41:48,Market,1.65,Friday,2023-06-30,05:41:48,June,6,5,2023
2023-06-30 06:01:03,Coffe,7.1,Friday,2023-06-30,06:01:03,June,6,6,2023
2023-06-30 09:34:35,Coffe,9.0,Friday,2023-06-30,09:34:35,June,6,9,2023
2023-06-30 10:23:10,Taxi,1.5,Friday,2023-06-30,10:23:10,June,6,10,2023
2023-06-30 11:39:20,Taxi,4.0,Friday,2023-06-30,11:39:20,June,6,11,2023
2023-06-30 12:30:06,Market,9.7,Friday,2023-06-30,12:30:06,June,6,12,2023
2023-06-30 16:46:52,Taxi,3.73,Friday,2023-06-30,16:46:52,June,6,16,2023
2023-06-30 17:19:26,Coffe,8.1,Friday,2023-06-30,17:19:26,June,6,17,2023
2023-07-01 02:38:43,Phone,1.0,Saturday,2023-07-01,02:38:43,July,7,2,2023
2023-07-01 08:16:19,Restuarant,34.0,Saturday,2023-07-01,08:16:19,July,7,8,2023
2023-07-02 05:18:16,Taxi,4.0,Sunday,2023-07-02,05:18:16,July,7,5,2023
2023-07-02 05:21:38,Market,2.6,Sunday,2023-07-02,05:21:38,July,7,5,2023
2023-07-02 05:42:50,Coffe,7.1,Sunday,2023-07-02,05:42:50,July,7,5,2023
2023-07-02 08:04:10,Coffe,9.0,Sunday,2023-07-02,08:04:10,July,7,8,2023
2023-07-02 10:25:25,Taxi,4.0,Sunday,2023-07-02,10:25:25,July,7,10,2023
2023-07-02 12:28:59,joy,30.0,Sunday,2023-07-02,12:28:59,July,7,12,2023
2023-07-02 16:45:06,Sport,20.0,Sunday,2023-07-02,16:45:06,July,7,16,2023
2023-07-02 16:45:08,Clothing,194.0,Sunday,2023-07-02,16:45:08,July,7,16,2023
2023-07-02 17:25:31,Coffe,16.0,Sunday,2023-07-02,17:25:31,July,7,17,2023
2023-07-02 18:29:34,Phone,5.0,Sunday,2023-07-02,18:29:34,July,7,18,2023
2023-07-02 18:30:27,Taxi,7.0,Sunday,2023-07-02,18:30:27,July,7,18,2023
2023-07-03 04:50:00,Market,3.36,Monday,2023-07-03,04:50:00,July,7,4,2023
2023-07-03 07:51:15,Restuarant,5.0,Monday,2023-07-03,07:51:15,July,7,7,2023
2023-07-03 09:35:20,Learning,12.0,Monday,2023-07-03,09:35:20,July,7,9,2023
2023-07-03 10:38:51,Learning,3.0,Monday,2023-07-03,10:38:51,July,7,10,2023
2023-07-04 05:03:17,Market,2.0,Tuesday,2023-07-04,05:03:17,July,7,5,2023
2023-07-04 08:25:18,Business lunch,6.0,Tuesday,2023-07-04,08:25:18,July,7,8,2023
2023-07-04 16:52:11,Restuarant,70.0,Tuesday,2023-07-04,16:52:11,July,7,16,2023
2023-07-04 18:25:02,Other,10.0,Tuesday,2023-07-04,18:25:02,July,7,18,2023
2023-07-05 04:51:48,Market,0.9,Wednesday,2023-07-05,04:51:48,July,7,4,2023
2023-07-05 07:04:33,Restuarant,4.75,Wednesday,2023-07-05,07:04:33,July,7,7,2023
2023-07-05 10:03:56,Business lunch,24.0,Wednesday,2023-07-05,10:03:56,July,7,10,2023
2023-07-05 15:04:04,Market,15.0,Wednesday,2023-07-05,15:04:04,July,7,15,2023
2023-07-06 04:57:21,Market,8.0,Thursday,2023-07-06,04:57:21,July,7,4,2023
2023-07-06 06:40:08,Restuarant,3.8,Thursday,2023-07-06,06:40:08,July,7,6,2023
2023-07-06 15:04:53,Market,5.83,Thursday,2023-07-06,15:04:53,July,7,15,2023
2023-07-07 07:47:29,Business lunch,11.0,Friday,2023-07-07,07:47:29,July,7,7,2023
2023-07-07 11:53:57,Market,1.77,Friday,2023-07-07,11:53:57,July,7,11,2023
2023-07-08 10:25:05,Restuarant,7.4,Saturday,2023-07-08,10:25:05,July,7,10,2023
2023-07-08 11:27:32,Market,1.85,Saturday,2023-07-08,11:27:32,July,7,11,2023
2023-07-09 05:52:05,Coffe,16.0,Sunday,2023-07-09,05:52:05,July,7,5,2023
2023-07-09 09:14:58,Coffe,8.1,Sunday,2023-07-09,09:14:58,July,7,9,2023
2023-07-09 13:27:53,Market,0.85,Sunday,2023-07-09,13:27:53,July,7,13,2023
2023-07-09 14:10:29,Restuarant,10.8,Sunday,2023-07-09,14:10:29,July,7,14,2023
2023-07-09 14:38:56,Market,13.0,Sunday,2023-07-09,14:38:56,July,7,14,2023
2023-07-10 04:29:57,Market,2.25,Monday,2023-07-10,04:29:57,July,7,4,2023
2023-07-10 09:59:49,Business lunch,7.0,Monday,2023-07-10,09:59:49,July,7,9,2023
2023-07-10 13:24:25,Market,1.5,Monday,2023-07-10,13:24:25,July,7,13,2023
2023-07-10 14:44:15,Market,4.86,Monday,2023-07-10,14:44:15,July,7,14,2023
2023-07-11 04:51:42,Market,2.33,Tuesday,2023-07-11,04:51:42,July,7,4,2023
2023-07-11 10:00:00,Market,3.57,Tuesday,2023-07-11,10:00:00,July,7,10,2023
2023-07-11 19:54:49,Restuarant,39.0,Tuesday,2023-07-11,19:54:49,July,7,19,2023
2023-07-12 02:14:17,Transport,0.6,Wednesday,2023-07-12,02:14:17,July,7,2,2023
2023-07-12 03:03:52,Market,13.0,Wednesday,2023-07-12,03:03:52,July,7,3,2023
2023-07-12 04:16:01,Market,6.33,Wednesday,2023-07-12,04:16:01,July,7,4,2023
2023-07-12 10:28:42,Business lunch,10.0,Wednesday,2023-07-12,10:28:42,July,7,10,2023
2023-07-12 14:33:47,Coffe,9.5,Wednesday,2023-07-12,14:33:47,July,7,14,2023
2023-07-13 04:24:43,Communal,170.0,Thursday,2023-07-13,04:24:43,July,7,4,2023
2023-07-13 04:35:21,Other,3.4,Thursday,2023-07-13,04:35:21,July,7,4,2023
2023-07-13 04:51:39,Market,4.7,Thursday,2023-07-13,04:51:39,July,7,4,2023
2023-07-13 06:06:39,Phone,10.0,Thursday,2023-07-13,06:06:39,July,7,6,2023
2023-07-13 10:38:43,Market,16.0,Thursday,2023-07-13,10:38:43,July,7,10,2023
2023-07-13 15:21:57,Coffe,7.1,Thursday,2023-07-13,15:21:57,July,7,15,2023
2023-07-14 04:41:49,Market,1.0,Friday,2023-07-14,04:41:49,July,7,4,2023
2023-07-14 08:23:52,Business lunch,7.5,Friday,2023-07-14,08:23:52,July,7,8,2023
2023-07-14 10:48:16,Market,1.0,Friday,2023-07-14,10:48:16,July,7,10,2023
2023-07-14 14:44:29,Other,10.0,Friday,2023-07-14,14:44:29,July,7,14,2023
2023-07-14 15:34:28,Market,13.0,Friday,2023-07-14,15:34:28,July,7,15,2023
2023-07-15 07:32:55,Transport,5.0,Saturday,2023-07-15,07:32:55,July,7,7,2023
2023-07-15 08:09:55,Coffe,16.0,Saturday,2023-07-15,08:09:55,July,7,8,2023
2023-07-15 11:23:29,Clothing,39.0,Saturday,2023-07-15,11:23:29,July,7,11,2023
2023-07-15 14:23:20,Events,100.0,Saturday,2023-07-15,14:23:20,July,7,14,2023
2023-07-15 23:07:39,Restuarant,25.0,Saturday,2023-07-15,23:07:39,July,7,23,2023
2023-07-16 08:52:32,Coffe,7.1,Sunday,2023-07-16,08:52:32,July,7,8,2023
2023-07-16 10:12:26,Coffe,16.0,Sunday,2023-07-16,10:12:26,July,7,10,2023
2023-07-16 14:10:06,Coffe,7.1,Sunday,2023-07-16,14:10:06,July,7,14,2023
2023-07-16 14:10:08,Market,0.5,Sunday,2023-07-16,14:10:08,July,7,14,2023
2023-07-16 16:53:31,Learning,8.5,Sunday,2023-07-16,16:53:31,July,7,16,2023
2023-07-16 18:39:04,Restuarant,7.3,Sunday,2023-07-16,18:39:04,July,7,18,2023
2023-07-16 18:40:01,Market,7.27,Sunday,2023-07-16,18:40:01,July,7,18,2023
2023-07-17 06:19:26,Clothing,3.0,Monday,2023-07-17,06:19:26,July,7,6,2023
2023-07-17 07:28:09,Business lunch,3.75,Monday,2023-07-17,07:28:09,July,7,7,2023
2023-07-17 08:40:18,Phone,2.0,Monday,2023-07-17,08:40:18,July,7,8,2023
2023-07-17 09:18:45,Clothing,127.0,Monday,2023-07-17,09:18:45,July,7,9,2023
2023-07-17 09:35:32,Market,5.0,Monday,2023-07-17,09:35:32,July,7,9,2023
2023-07-17 14:23:55,Coffe,8.4,Monday,2023-07-17,14:23:55,July,7,14,2023
2023-07-17 16:04:25,Coffe,7.1,Monday,2023-07-17,16:04:25,July,7,16,2023
2023-07-18 05:25:44,Market,1.5,Tuesday,2023-07-18,05:25:44,July,7,5,2023
2023-07-18 06:56:40,Business lunch,3.8,Tuesday,2023-07-18,06:56:40,July,7,6,2023
2023-07-18 15:22:02,Coffe,8.4,Tuesday,2023-07-18,15:22:02,July,7,15,2023
2023-07-18 17:22:21,Coffe,7.4,Tuesday,2023-07-18,17:22:21,July,7,17,2023
2023-07-19 07:08:03,Market,3.75,Wednesday,2023-07-19,07:08:03,July,7,7,2023
2023-07-19 10:03:29,Market,3.0,Wednesday,2023-07-19,10:03:29,July,7,10,2023
2023-07-19 15:20:43,Coffe,8.4,Wednesday,2023-07-19,15:20:43,July,7,15,2023
2023-07-19 17:07:58,Coffe,8.9,Wednesday,2023-07-19,17:07:58,July,7,17,2023
2023-07-19 20:29:45,Market,2.1,Wednesday,2023-07-19,20:29:45,July,7,20,2023
2023-07-20 07:08:21,Transport,4.0,Thursday,2023-07-20,07:08:21,July,7,7,2023
2023-07-20 09:02:44,Taxi,2.0,Thursday,2023-07-20,09:02:44,July,7,9,2023
2023-07-20 09:13:33,Coffe,7.1,Thursday,2023-07-20,09:13:33,July,7,9,2023
2023-07-20 09:14:44,Coffe,7.1,Thursday,2023-07-20,09:14:44,July,7,9,2023
2023-07-20 12:00:38,Coffe,7.1,Thursday,2023-07-20,12:00:38,July,7,12,2023
2023-07-20 12:21:05,Phone,3.0,Thursday,2023-07-20,12:21:05,July,7,12,2023
2023-07-20 14:21:50,Market,12.0,Thursday,2023-07-20,14:21:50,July,7,14,2023
2023-07-20 14:25:21,Market,4.0,Thursday,2023-07-20,14:25:21,July,7,14,2023
2023-07-21 02:51:05,Coffe,15.0,Friday,2023-07-21,02:51:05,July,7,2,2023
2023-07-26 18:11:45,Tech,10.0,Wednesday,2023-07-26,18:11:45,July,7,18,2023
2023-07-26 18:11:58,Restuarant,51.0,Wednesday,2023-07-26,18:11:58,July,7,18,2023
2023-07-26 18:12:38,Fuel,20.0,Wednesday,2023-07-26,18:12:38,July,7,18,2023
2023-07-26 18:15:44,Clothing,708.0,Wednesday,2023-07-26,18:15:44,July,7,18,2023
2023-07-26 18:16:33,Taxi,110.0,Wednesday,2023-07-26,18:16:33,July,7,18,2023
2023-07-26 18:16:43,Travel,2500.0,Wednesday,2023-07-26,18:16:43,July,7,18,2023
2023-07-26 18:17:13,Market,3.0,Wednesday,2023-07-26,18:17:13,July,7,18,2023
2023-07-28 07:59:35,Clothing,36.0,Friday,2023-07-28,07:59:35,July,7,7,2023
2023-07-28 07:59:37,Health,55.0,Friday,2023-07-28,07:59:37,July,7,7,2023
2023-07-28 14:18:16,Restuarant,19.0,Friday,2023-07-28,14:18:16,July,7,14,2023
2023-07-28 15:42:26,Market,29.0,Friday,2023-07-28,15:42:26,July,7,15,2023
2023-07-28 15:42:40,Clothing,20.0,Friday,2023-07-28,15:42:40,July,7,15,2023
2023-07-28 15:43:01,Clothing,10.0,Friday,2023-07-28,15:43:01,July,7,15,2023
2023-07-28 19:13:46,Restuarant,14.0,Friday,2023-07-28,19:13:46,July,7,19,2023
2023-07-28 19:48:21,Events,158.0,Friday,2023-07-28,19:48:21,July,7,19,2023
2023-07-30 14:41:25,Coffe,8.1,Sunday,2023-07-30,14:41:25,July,7,14,2023
2023-07-30 17:03:01,Learning,10.9,Sunday,2023-07-30,17:03:01,July,7,17,2023
2023-07-30 17:53:26,Market,5.4,Sunday,2023-07-30,17:53:26,July,7,17,2023
2023-08-02 14:26:48,Coffe,16.0,Wednesday,2023-08-02,14:26:48,August,8,14,2023
2023-08-02 15:21:56,Transport,5.0,Wednesday,2023-08-02,15:21:56,August,8,15,2023
2023-08-03 07:26:02,Market,5.0,Thursday,2023-08-03,07:26:02,August,8,7,2023
2023-08-03 10:42:19,Phone,3.0,Thursday,2023-08-03,10:42:19,August,8,10,2023
2023-08-03 14:46:09,Other,45.0,Thursday,2023-08-03,14:46:09,August,8,14,2023
2023-08-04 07:45:54,Phone,10.0,Friday,2023-08-04,07:45:54,August,8,7,2023
2023-08-04 08:21:57,Business lunch,7.2,Friday,2023-08-04,08:21:57,August,8,8,2023
2023-08-04 08:22:42,Business lunch,1.5,Friday,2023-08-04,08:22:42,August,8,8,2023
2023-08-04 14:26:53,Coffe,9.0,Friday,2023-08-04,14:26:53,August,8,14,2023
2023-08-04 19:15:24,Market,15.0,Friday,2023-08-04,19:15:24,August,8,19,2023
2023-08-05 07:35:01,Market,11.0,Saturday,2023-08-05,07:35:01,August,8,7,2023
2023-08-05 07:58:02,Coffe,8.1,Saturday,2023-08-05,07:58:02,August,8,7,2023
2023-08-05 13:35:09,Restuarant,6.0,Saturday,2023-08-05,13:35:09,August,8,13,2023
2023-08-05 13:37:23,Sport,20.0,Saturday,2023-08-05,13:37:23,August,8,13,2023
2023-08-05 14:58:18,Coffe,7.1,Saturday,2023-08-05,14:58:18,August,8,14,2023
2023-08-06 06:17:26,Coffe,7.1,Sunday,2023-08-06,06:17:26,August,8,6,2023
2023-08-06 08:38:09,Restuarant,9.0,Sunday,2023-08-06,08:38:09,August,8,8,2023
2023-08-06 10:48:03,Coffe,7.1,Sunday,2023-08-06,10:48:03,August,8,10,2023
2023-08-06 12:00:17,Phone,5.0,Sunday,2023-08-06,12:00:17,August,8,12,2023
2023-08-07 08:14:27,Business lunch,3.5,Monday,2023-08-07,08:14:27,August,8,8,2023
2023-08-07 11:12:04,Market,5.7,Monday,2023-08-07,11:12:04,August,8,11,2023
2023-08-07 14:34:00,Coffe,8.1,Monday,2023-08-07,14:34:00,August,8,14,2023
2023-08-07 16:51:09,Learning,11.5,Monday,2023-08-07,16:51:09,August,8,16,2023
2023-08-07 16:58:16,Transport,5.0,Monday,2023-08-07,16:58:16,August,8,16,2023
2023-08-08 04:10:20,Market,2.34,Tuesday,2023-08-08,04:10:20,August,8,4,2023
2023-08-08 09:50:37,Business lunch,11.0,Tuesday,2023-08-08,09:50:37,August,8,9,2023
2023-08-08 14:44:01,Coffe,7.1,Tuesday,2023-08-08,14:44:01,August,8,14,2023
2023-08-08 19:20:21,Market,14.0,Tuesday,2023-08-08,19:20:21,August,8,19,2023
2023-08-09 10:08:20,Business lunch,8.0,Wednesday,2023-08-09,10:08:20,August,8,10,2023
2023-08-10 04:54:53,Market,5.18,Thursday,2023-08-10,04:54:53,August,8,4,2023
2023-08-10 10:47:32,Market,1.0,Thursday,2023-08-10,10:47:32,August,8,10,2023
2023-08-11 04:29:28,Market,1.8,Friday,2023-08-11,04:29:28,August,8,4,2023
2023-08-11 08:57:12,Business lunch,6.75,Friday,2023-08-11,08:57:12,August,8,8,2023
2023-08-11 09:16:02,Learning,11.61,Friday,2023-08-11,09:16:02,August,8,9,2023
2023-08-11 14:32:05,Coffe,16.0,Friday,2023-08-11,14:32:05,August,8,14,2023
2023-08-11 18:15:26,Taxi,2.0,Friday,2023-08-11,18:15:26,August,8,18,2023
2023-08-11 18:16:04,Communal,150.0,Friday,2023-08-11,18:16:04,August,8,18,2023
2023-08-12 08:39:58,Coffe,7.1,Saturday,2023-08-12,08:39:58,August,8,8,2023
2023-08-12 10:01:46,Transport,5.2,Saturday,2023-08-12,10:01:46,August,8,10,2023
2023-08-12 12:44:50,Restuarant,40.0,Saturday,2023-08-12,12:44:50,August,8,12,2023
2023-08-12 17:34:36,Other,10.0,Saturday,2023-08-12,17:34:36,August,8,17,2023
2023-08-13 12:13:31,Restuarant,11.0,Sunday,2023-08-13,12:13:31,August,8,12,2023
2023-08-14 05:02:30,Market,1.49,Monday,2023-08-14,05:02:30,August,8,5,2023
2023-08-14 09:30:03,Business lunch,7.0,Monday,2023-08-14,09:30:03,August,8,9,2023
2023-08-14 16:26:47,Market,16.35,Monday,2023-08-14,16:26:47,August,8,16,2023
2023-08-15 06:32:32,Restuarant,3.75,Tuesday,2023-08-15,06:32:32,August,8,6,2023
2023-08-15 09:14:59,Coffe,6.1,Tuesday,2023-08-15,09:14:59,August,8,9,2023
2023-08-15 15:24:39,Coffe,8.1,Tuesday,2023-08-15,15:24:39,August,8,15,2023
2023-08-15 19:37:39,Market,17.32,Tuesday,2023-08-15,19:37:39,August,8,19,2023
2023-08-16 06:57:20,Market,1.75,Wednesday,2023-08-16,06:57:20,August,8,6,2023
2023-08-16 06:57:27,Restuarant,4.0,Wednesday,2023-08-16,06:57:27,August,8,6,2023
2023-08-16 09:06:36,Coffe,6.1,Wednesday,2023-08-16,09:06:36,August,8,9,2023
2023-08-16 14:26:41,Coffe,8.1,Wednesday,2023-08-16,14:26:41,August,8,14,2023
2023-08-16 18:54:55,Market,2.76,Wednesday,2023-08-16,18:54:55,August,8,18,2023
2023-08-17 10:12:37,Business lunch,10.0,Thursday,2023-08-17,10:12:37,August,8,10,2023
2023-08-17 15:24:50,Coffe,7.1,Thursday,2023-08-17,15:24:50,August,8,15,2023
2023-08-17 17:02:06,Phone,10.0,Thursday,2023-08-17,17:02:06,August,8,17,2023
2023-08-18 05:21:26,Market,4.48,Friday,2023-08-18,05:21:26,August,8,5,2023
2023-08-18 08:29:01,Other,2.0,Friday,2023-08-18,08:29:01,August,8,8,2023
2023-08-18 09:50:04,Market,1.55,Friday,2023-08-18,09:50:04,August,8,9,2023
2023-08-18 10:24:15,Learning,45.0,Friday,2023-08-18,10:24:15,August,8,10,2023
2023-08-18 14:16:44,Coffe,6.1,Friday,2023-08-18,14:16:44,August,8,14,2023
2023-08-18 16:05:05,Coffe,6.1,Friday,2023-08-18,16:05:05,August,8,16,2023
2023-08-18 17:19:02,Taxi,2.5,Friday,2023-08-18,17:19:02,August,8,17,2023
2023-08-19 06:03:57,Coffe,14.2,Saturday,2023-08-19,06:03:57,August,8,6,2023
2023-08-19 13:26:54,Market,2.5,Saturday,2023-08-19,13:26:54,August,8,13,2023
2023-08-19 14:12:38,Transport,5.0,Saturday,2023-08-19,14:12:38,August,8,14,2023
2023-08-19 14:18:00,Coffe,18.0,Saturday,2023-08-19,14:18:00,August,8,14,2023
2023-08-20 06:17:35,Coffe,5.8,Sunday,2023-08-20,06:17:35,August,8,6,2023
2023-08-20 07:25:43,Market,1.4,Sunday,2023-08-20,07:25:43,August,8,7,2023
2023-08-20 07:52:25,Market,0.6,Sunday,2023-08-20,07:52:25,August,8,7,2023
2023-08-21 04:27:27,joy,42.0,Monday,2023-08-21,04:27:27,August,8,4,2023
2023-08-21 05:16:41,Market,1.82,Monday,2023-08-21,05:16:41,August,8,5,2023
2023-08-21 09:36:15,Business lunch,10.0,Monday,2023-08-21,09:36:15,August,8,9,2023
2023-08-21 09:43:16,Learning,16.2,Monday,2023-08-21,09:43:16,August,8,9,2023
2023-08-22 04:52:52,Market,6.39,Tuesday,2023-08-22,04:52:52,August,8,4,2023
2023-08-22 10:03:28,Market,12.0,Tuesday,2023-08-22,10:03:28,August,8,10,2023
2023-08-22 14:34:38,Coffe,7.1,Tuesday,2023-08-22,14:34:38,August,8,14,2023
2023-08-23 04:29:27,Market,6.27,Wednesday,2023-08-23,04:29:27,August,8,4,2023
2023-08-23 04:44:23,Market,2.42,Wednesday,2023-08-23,04:44:23,August,8,4,2023
2023-08-23 09:47:33,Business lunch,10.0,Wednesday,2023-08-23,09:47:33,August,8,9,2023
2023-08-23 13:23:53,Other,3.5,Wednesday,2023-08-23,13:23:53,August,8,13,2023
2023-08-23 14:39:24,Coffe,8.1,Wednesday,2023-08-23,14:39:24,August,8,14,2023
2023-08-24 04:54:29,Market,3.0,Thursday,2023-08-24,04:54:29,August,8,4,2023
2023-08-24 14:10:00,Coffe,6.1,Thursday,2023-08-24,14:10:00,August,8,14,2023
2023-08-25 04:52:38,Market,5.41,Friday,2023-08-25,04:52:38,August,8,4,2023
2023-08-25 15:17:13,Other,10.0,Friday,2023-08-25,15:17:13,August,8,15,2023
2023-08-25 15:50:39,Phone,3.0,Friday,2023-08-25,15:50:39,August,8,15,2023
2023-08-26 03:15:42,Market,11.0,Saturday,2023-08-26,03:15:42,August,8,3,2023
2023-08-26 04:59:30,Coffe,16.0,Saturday,2023-08-26,04:59:30,August,8,4,2023
2023-08-26 07:44:13,Coffe,11.8,Saturday,2023-08-26,07:44:13,August,8,7,2023
2023-08-26 10:13:46,Other,10.0,Saturday,2023-08-26,10:13:46,August,8,10,2023
2023-08-26 10:19:47,Coffe,14.2,Saturday,2023-08-26,10:19:47,August,8,10,2023
2023-08-27 11:03:57,Market,17.0,Sunday,2023-08-27,11:03:57,August,8,11,2023
2023-08-27 16:02:36,Market,11.0,Sunday,2023-08-27,16:02:36,August,8,16,2023
2023-08-28 04:52:48,Market,2.5,Monday,2023-08-28,04:52:48,August,8,4,2023
2023-08-28 08:53:57,Transport,5.0,Monday,2023-08-28,08:53:57,August,8,8,2023
2023-08-28 14:50:36,Market,7.73,Monday,2023-08-28,14:50:36,August,8,14,2023
2023-08-29 04:48:45,Market,3.0,Tuesday,2023-08-29,04:48:45,August,8,4,2023
2023-08-29 07:41:17,Market,11.0,Tuesday,2023-08-29,07:41:17,August,8,7,2023
2023-08-29 07:50:12,Market,5.0,Tuesday,2023-08-29,07:50:12,August,8,7,2023
2023-08-29 13:55:54,Taxi,3.0,Tuesday,2023-08-29,13:55:54,August,8,13,2023
2023-08-29 15:58:45,Taxi,4.0,Tuesday,2023-08-29,15:58:45,August,8,15,2023
2023-08-29 15:58:47,Restuarant,26.0,Tuesday,2023-08-29,15:58:47,August,8,15,2023
2023-08-29 16:58:27,Coffe,8.1,Tuesday,2023-08-29,16:58:27,August,8,16,2023
2023-08-30 05:13:00,Market,2.0,Wednesday,2023-08-30,05:13:00,August,8,5,2023
2023-08-30 10:02:54,Market,1.75,Wednesday,2023-08-30,10:02:54,August,8,10,2023
2023-08-30 14:24:48,Coffe,7.1,Wednesday,2023-08-30,14:24:48,August,8,14,2023
2023-08-30 17:53:01,Market,7.4,Wednesday,2023-08-30,17:53:01,August,8,17,2023
2023-08-31 09:59:41,Market,13.62,Thursday,2023-08-31,09:59:41,August,8,9,2023
2023-08-31 16:04:26,Coffe,6.1,Thursday,2023-08-31,16:04:26,August,8,16,2023
2023-09-01 04:53:37,Market,22.43,Friday,2023-09-01,04:53:37,September,9,4,2023
2023-09-01 14:09:39,Coffe,7.4,Friday,2023-09-01,14:09:39,September,9,14,2023
2023-09-01 16:01:58,Coffe,7.1,Friday,2023-09-01,16:01:58,September,9,16,2023
2023-09-02 14:44:38,Market,5.0,Saturday,2023-09-02,14:44:38,September,9,14,2023
2023-09-04 04:49:43,Market,2.0,Monday,2023-09-04,04:49:43,September,9,4,2023
2023-09-04 10:16:22,Sport,20.0,Monday,2023-09-04,10:16:22,September,9,10,2023
2023-09-04 10:35:52,joy,3.0,Monday,2023-09-04,10:35:52,September,9,10,2023
2023-09-04 17:15:58,Restuarant,66.0,Monday,2023-09-04,17:15:58,September,9,17,2023
2023-09-04 17:55:53,Market,3.0,Monday,2023-09-04,17:55:53,September,9,17,2023
2023-09-05 04:37:23,Market,13.0,Tuesday,2023-09-05,04:37:23,September,9,4,2023
2023-09-05 09:27:50,Business lunch,10.0,Tuesday,2023-09-05,09:27:50,September,9,9,2023
2023-09-05 14:15:27,Coffe,7.4,Tuesday,2023-09-05,14:15:27,September,9,14,2023
2023-09-06 08:54:36,Coffe,22.0,Wednesday,2023-09-06,08:54:36,September,9,8,2023
2023-09-06 09:08:52,Coffe,7.5,Wednesday,2023-09-06,09:08:52,September,9,9,2023
2023-09-06 13:57:52,Phone,5.0,Wednesday,2023-09-06,13:57:52,September,9,13,2023
2023-09-06 14:41:29,Restuarant,1.0,Wednesday,2023-09-06,14:41:29,September,9,14,2023
2023-09-06 03:41:00,Restuarant,30.0,Wednesday,2023-09-06,03:41:00,September,9,3,2023
2023-09-07 16:25:50,Coffe,24.0,Thursday,2023-09-07,16:25:50,September,9,16,2023
2023-09-07 16:25:52,Market,1.0,Thursday,2023-09-07,16:25:52,September,9,16,2023
2023-09-07 16:25:56,Business lunch,10.0,Thursday,2023-09-07,16:25:56,September,9,16,2023
2023-09-07 17:58:16,Market,12.0,Thursday,2023-09-07,17:58:16,September,9,17,2023
2023-09-08 04:54:30,Market,13.0,Friday,2023-09-08,04:54:30,September,9,4,2023
2023-09-08 17:00:06,Restuarant,17.0,Friday,2023-09-08,17:00:06,September,9,17,2023
2023-09-09 10:24:22,Transport,8.0,Saturday,2023-09-09,10:24:22,September,9,10,2023
2023-09-09 15:17:18,Other,10.0,Saturday,2023-09-09,15:17:18,September,9,15,2023
2023-09-09 16:38:16,Market,11.0,Saturday,2023-09-09,16:38:16,September,9,16,2023
2023-09-10 07:37:12,Restuarant,39.0,Sunday,2023-09-10,07:37:12,September,9,7,2023
2023-09-10 07:37:14,Coffe,7.1,Sunday,2023-09-10,07:37:14,September,9,7,2023
2023-09-10 07:37:16,Coffe,6.0,Sunday,2023-09-10,07:37:16,September,9,7,2023
2023-09-10 13:21:28,Restuarant,10.0,Sunday,2023-09-10,13:21:28,September,9,13,2023
2023-09-10 13:24:58,Communal,168.0,Sunday,2023-09-10,13:24:58,September,9,13,2023
2023-09-11 04:20:23,Market,6.0,Monday,2023-09-11,04:20:23,September,9,4,2023
2023-09-11 09:31:25,Business lunch,8.0,Monday,2023-09-11,09:31:25,September,9,9,2023
2023-09-11 14:09:57,Coffe,7.4,Monday,2023-09-11,14:09:57,September,9,14,2023
2023-09-11 17:14:14,Market,10.0,Monday,2023-09-11,17:14:14,September,9,17,2023
2023-09-12 04:14:27,Market,5.65,Tuesday,2023-09-12,04:14:27,September,9,4,2023
2023-09-12 09:34:47,Business lunch,20.0,Tuesday,2023-09-12,09:34:47,September,9,9,2023
2023-09-12 14:27:04,Coffe,8.1,Tuesday,2023-09-12,14:27:04,September,9,14,2023
2023-09-12 17:42:07,Market,10.0,Tuesday,2023-09-12,17:42:07,September,9,17,2023
2023-09-13 04:28:38,Market,5.65,Wednesday,2023-09-13,04:28:38,September,9,4,2023
2023-09-13 07:02:02,Learning,90.0,Wednesday,2023-09-13,07:02:02,September,9,7,2023
2023-09-13 09:52:43,Business lunch,20.0,Wednesday,2023-09-13,09:52:43,September,9,9,2023
2023-09-13 14:30:38,Coffe,7.1,Wednesday,2023-09-13,14:30:38,September,9,14,2023
2023-09-14 04:33:15,Market,12.0,Thursday,2023-09-14,04:33:15,September,9,4,2023
2023-09-14 06:10:34,Phone,10.0,Thursday,2023-09-14,06:10:34,September,9,6,2023
2023-09-14 07:23:26,Restuarant,12.0,Thursday,2023-09-14,07:23:26,September,9,7,2023
2023-09-14 18:00:26,Coffe,6.1,Thursday,2023-09-14,18:00:26,September,9,18,2023
2023-09-15 09:56:48,Market,3.0,Friday,2023-09-15,09:56:48,September,9,9,2023
2023-09-15 17:15:40,Coffe,6.1,Friday,2023-09-15,17:15:40,September,9,17,2023
2023-09-15 17:38:45,Transport,5.0,Friday,2023-09-15,17:38:45,September,9,17,2023
2023-09-16 08:27:08,Coffe,7.1,Saturday,2023-09-16,08:27:08,September,9,8,2023
2023-09-16 11:23:54,Coffe,8.1,Saturday,2023-09-16,11:23:54,September,9,11,2023
2023-09-16 17:21:28,Restuarant,73.0,Saturday,2023-09-16,17:21:28,September,9,17,2023
2023-09-16 18:25:58,Market,11.41,Saturday,2023-09-16,18:25:58,September,9,18,2023
2023-09-17 07:15:24,Coffe,7.1,Sunday,2023-09-17,07:15:24,September,9,7,2023
2023-09-17 12:17:52,Taxi,2.5,Sunday,2023-09-17,12:17:52,September,9,12,2023
2023-09-17 12:26:00,Coffe,16.0,Sunday,2023-09-17,12:26:00,September,9,12,2023
2023-09-17 13:47:05,Coffe,8.0,Sunday,2023-09-17,13:47:05,September,9,13,2023
2023-09-17 17:49:42,Restuarant,61.6,Sunday,2023-09-17,17:49:42,September,9,17,2023
2023-09-18 04:53:31,Market,11.0,Monday,2023-09-18,04:53:31,September,9,4,2023
2023-09-18 07:44:15,Other,15.0,Monday,2023-09-18,07:44:15,September,9,7,2023
2023-09-18 09:41:14,Business lunch,10.0,Monday,2023-09-18,09:41:14,September,9,9,2023
2023-09-18 14:18:39,Coffe,6.6,Monday,2023-09-18,14:18:39,September,9,14,2023
2023-09-18 18:10:35,Transport,5.0,Monday,2023-09-18,18:10:35,September,9,18,2023
2023-09-18 19:16:28,Market,28.0,Monday,2023-09-18,19:16:28,September,9,19,2023
2023-09-19 14:26:33,Coffe,7.1,Tuesday,2023-09-19,14:26:33,September,9,14,2023
2023-09-19 14:26:34,Business lunch,6.0,Tuesday,2023-09-19,14:26:34,September,9,14,2023
2023-09-19 15:29:11,Coffe,16.0,Tuesday,2023-09-19,15:29:11,September,9,15,2023
2023-09-20 09:52:34,Business lunch,12.0,Wednesday,2023-09-20,09:52:34,September,9,9,2023
2023-09-20 15:32:53,Coffe,7.1,Wednesday,2023-09-20,15:32:53,September,9,15,2023
2023-09-20 18:54:47,Market,8.33,Wednesday,2023-09-20,18:54:47,September,9,18,2023
2023-09-21 06:47:52,Market,9.0,Thursday,2023-09-21,06:47:52,September,9,6,2023
2023-09-21 09:44:12,Business lunch,7.0,Thursday,2023-09-21,09:44:12,September,9,9,2023
2023-09-21 10:05:29,Market,7.61,Thursday,2023-09-21,10:05:29,September,9,10,2023
2023-09-21 11:15:19,Phone,25.0,Thursday,2023-09-21,11:15:19,September,9,11,2023
2023-09-21 14:47:19,Coffe,7.1,Thursday,2023-09-21,14:47:19,September,9,14,2023
2023-09-22 12:26:07,Business lunch,6.0,Friday,2023-09-22,12:26:07,September,9,12,2023
2023-09-22 15:26:30,Coffe,15.5,Friday,2023-09-22,15:26:30,September,9,15,2023
2023-09-22 15:50:17,Coffe,8.1,Friday,2023-09-22,15:50:17,September,9,15,2023
2023-09-23 08:15:47,Coffe,7.1,Saturday,2023-09-23,08:15:47,September,9,8,2023
2023-09-23 12:16:53,Restuarant,90.0,Saturday,2023-09-23,12:16:53,September,9,12,2023
2023-09-23 12:17:04,Other,70.0,Saturday,2023-09-23,12:17:04,September,9,12,2023
2023-09-23 12:17:14,Coffe,7.1,Saturday,2023-09-23,12:17:14,September,9,12,2023
2023-09-24 15:51:13,Market,1.0,Sunday,2023-09-24,15:51:13,September,9,15,2023
2023-09-24 15:51:29,Market,6.57,Sunday,2023-09-24,15:51:29,September,9,15,2023
2023-09-24 15:51:32,Market,4.35,Sunday,2023-09-24,15:51:32,September,9,15,2023
2023-09-24 15:51:41,Fuel,20.0,Sunday,2023-09-24,15:51:41,September,9,15,2023
2023-09-25 09:43:48,Business lunch,11.0,Monday,2023-09-25,09:43:48,September,9,9,2023
2023-09-25 09:50:29,Market,30.0,Monday,2023-09-25,09:50:29,September,9,9,2023
2023-09-25 14:34:01,Coffe,7.1,Monday,2023-09-25,14:34:01,September,9,14,2023
2023-09-25 16:24:29,Transport,5.0,Monday,2023-09-25,16:24:29,September,9,16,2023
2023-09-25 17:08:15,Market,5.35,Monday,2023-09-25,17:08:15,September,9,17,2023
2023-09-26 07:53:49,Market,3.0,Tuesday,2023-09-26,07:53:49,September,9,7,2023
2023-09-26 15:43:31,Coffe,16.0,Tuesday,2023-09-26,15:43:31,September,9,15,2023
2023-09-26 18:26:31,Communal,9.0,Tuesday,2023-09-26,18:26:31,September,9,18,2023
2023-09-26 18:29:54,Phone,1.0,Tuesday,2023-09-26,18:29:54,September,9,18,2023
2023-09-27 10:06:44,Business lunch,6.0,Wednesday,2023-09-27,10:06:44,September,9,10,2023
2023-09-27 14:37:35,Coffe,16.0,Wednesday,2023-09-27,14:37:35,September,9,14,2023
2023-09-27 19:33:29,Market,4.6,Wednesday,2023-09-27,19:33:29,September,9,19,2023
2023-09-28 14:13:00,Coffe,16.0,Thursday,2023-09-28,14:13:00,September,9,14,2023
2023-09-28 14:13:04,Business lunch,6.0,Thursday,2023-09-28,14:13:04,September,9,14,2023
2023-09-29 09:52:27,Business lunch,7.0,Friday,2023-09-29,09:52:27,September,9,9,2023
2023-09-29 14:19:35,Market,17.0,Friday,2023-09-29,14:19:35,September,9,14,2023
2023-09-30 13:00:23,Restuarant,22.0,Saturday,2023-09-30,13:00:23,September,9,13,2023
2023-09-30 14:29:51,Phone,1.0,Saturday,2023-09-30,14:29:51,September,9,14,2023
2023-09-30 19:49:25,Transport,5.0,Saturday,2023-09-30,19:49:25,September,9,19,2023
2023-09-30 16:30:42,Market,3.5,Saturday,2023-09-30,16:30:42,September,9,16,2023
2023-10-01 10:18:08,Coffe,7.3,Sunday,2023-10-01,10:18:08,October,10,10,2023
2023-10-01 10:18:10,Restuarant,20.0,Sunday,2023-10-01,10:18:10,October,10,10,2023
2023-10-01 11:56:23,Sport,20.0,Sunday,2023-10-01,11:56:23,October,10,11,2023
2023-10-01 12:26:32,Other,10.0,Sunday,2023-10-01,12:26:32,October,10,12,2023
2023-10-01 15:16:26,Market,29.0,Sunday,2023-10-01,15:16:26,October,10,15,2023
2023-10-02 10:20:00,Business lunch,6.0,Monday,2023-10-02,10:20:00,October,10,10,2023
2023-10-02 15:51:24,Coffe,8.0,Monday,2023-10-02,15:51:24,October,10,15,2023
2023-10-03 03:58:40,Market,6.0,Tuesday,2023-10-03,03:58:40,October,10,3,2023
2023-10-03 15:24:37,Coffe,16.0,Tuesday,2023-10-03,15:24:37,October,10,15,2023
2023-10-04 07:14:16,Phone,2.0,Wednesday,2023-10-04,07:14:16,October,10,7,2023
2023-10-04 07:46:22,Business lunch,6.8,Wednesday,2023-10-04,07:46:22,October,10,7,2023
2023-10-04 14:38:14,Market,1.5,Wednesday,2023-10-04,14:38:14,October,10,14,2023
2023-10-05 07:41:10,Business lunch,6.8,Thursday,2023-10-05,07:41:10,October,10,7,2023
2023-10-05 14:21:18,Coffe,16.0,Thursday,2023-10-05,14:21:18,October,10,14,2023
2023-10-05 17:55:09,Transport,5.0,Thursday,2023-10-05,17:55:09,October,10,17,2023
2023-10-06 04:55:32,Market,4.58,Friday,2023-10-06,04:55:32,October,10,4,2023
2023-10-06 06:59:39,Coffe,3.0,Friday,2023-10-06,06:59:39,October,10,6,2023
2023-10-06 06:59:41,Learning,6.0,Friday,2023-10-06,06:59:41,October,10,6,2023
2023-10-06 14:14:23,Coffe,7.1,Friday,2023-10-06,14:14:23,October,10,14,2023
2023-10-06 18:20:20,Market,9.27,Friday,2023-10-06,18:20:20,October,10,18,2023
2023-10-06 18:20:39,Business lunch,7.5,Friday,2023-10-06,18:20:39,October,10,18,2023
2023-10-07 11:24:10,Coffe,7.1,Saturday,2023-10-07,11:24:10,October,10,11,2023
2023-10-07 13:37:18,Coffe,8.4,Saturday,2023-10-07,13:37:18,October,10,13,2023
2023-10-07 18:34:24,Restuarant,32.0,Saturday,2023-10-07,18:34:24,October,10,18,2023
2023-10-08 06:42:56,Coffe,8.4,Sunday,2023-10-08,06:42:56,October,10,6,2023
2023-10-08 09:43:51,Coffe,23.0,Sunday,2023-10-08,09:43:51,October,10,9,2023
2023-10-08 09:43:54,Phone,3.0,Sunday,2023-10-08,09:43:54,October,10,9,2023
2023-10-08 11:16:45,Market,0.5,Sunday,2023-10-08,11:16:45,October,10,11,2023
2023-10-08 11:46:02,Restuarant,5.4,Sunday,2023-10-08,11:46:02,October,10,11,2023
2023-10-08 12:01:37,Coffe,8.4,Sunday,2023-10-08,12:01:37,October,10,12,2023
2023-10-08 14:35:58,Market,6.81,Sunday,2023-10-08,14:35:58,October,10,14,2023
2023-10-09 07:33:18,Restuarant,6.8,Monday,2023-10-09,07:33:18,October,10,7,2023
2023-10-09 09:15:51,Coffe,3.0,Monday,2023-10-09,09:15:51,October,10,9,2023
2023-10-09 14:15:28,Tech,25.0,Monday,2023-10-09,14:15:28,October,10,14,2023
2023-10-09 14:50:01,Coffe,16.0,Monday,2023-10-09,14:50:01,October,10,14,2023
2023-10-09 19:45:00,Market,10.17,Monday,2023-10-09,19:45:00,October,10,19,2023
2023-10-10 08:08:29,Health,350.0,Tuesday,2023-10-10,08:08:29,October,10,8,2023
2023-10-10 08:59:20,Coffe,3.0,Tuesday,2023-10-10,08:59:20,October,10,8,2023
2023-10-10 14:16:01,Coffe,16.0,Tuesday,2023-10-10,14:16:01,October,10,14,2023
2023-10-11 06:00:25,Market,16.0,Wednesday,2023-10-11,06:00:25,October,10,6,2023
2023-10-11 06:45:43,Events,100.0,Wednesday,2023-10-11,06:45:43,October,10,6,2023
2023-10-11 08:00:24,Market,6.8,Wednesday,2023-10-11,08:00:24,October,10,8,2023
2023-10-11 15:47:50,Coffe,14.1,Wednesday,2023-10-11,15:47:50,October,10,15,2023
2023-10-12 15:52:57,Business lunch,19.0,Thursday,2023-10-12,15:52:57,October,10,15,2023
2023-10-12 19:12:16,Transport,5.0,Thursday,2023-10-12,19:12:16,October,10,19,2023
2023-10-13 06:36:16,Business lunch,6.8,Friday,2023-10-13,06:36:16,October,10,6,2023
2023-10-13 14:11:40,Restuarant,4.0,Friday,2023-10-13,14:11:40,October,10,14,2023
2023-10-13 14:12:04,joy,45.0,Friday,2023-10-13,14:12:04,October,10,14,2023
2023-10-13 15:01:17,Coffe,16.0,Friday,2023-10-13,15:01:17,October,10,15,2023
2023-10-14 16:55:57,Market,4.23,Saturday,2023-10-14,16:55:57,October,10,16,2023
2023-10-15 13:14:59,Coffe,17.0,Sunday,2023-10-15,13:14:59,October,10,13,2023
2023-10-15 18:54:02,Coffe,9.0,Sunday,2023-10-15,18:54:02,October,10,18,2023
2023-10-15 20:38:26,Market,11.0,Sunday,2023-10-15,20:38:26,October,10,20,2023
2023-10-16 04:47:21,Market,5.22,Monday,2023-10-16,04:47:21,October,10,4,2023
2023-10-16 15:19:11,Phone,4.0,Monday,2023-10-16,15:19:11,October,10,15,2023
2023-10-16 15:33:24,Taxi,2.5,Monday,2023-10-16,15:33:24,October,10,15,2023
2023-10-15 20:00:54,Restuarant,31.0,Sunday,2023-10-15,20:00:54,October,10,20,2023
2023-10-17 04:58:22,Coffe,4.0,Tuesday,2023-10-17,04:58:22,October,10,4,2023
2023-10-17 04:58:39,Market,3.13,Tuesday,2023-10-17,04:58:39,October,10,4,2023
2023-10-17 14:23:19,Coffe,7.1,Tuesday,2023-10-17,14:23:19,October,10,14,2023
2023-10-17 15:57:52,Coffe,9.0,Tuesday,2023-10-17,15:57:52,October,10,15,2023
2023-10-18 04:56:52,Coffe,4.0,Wednesday,2023-10-18,04:56:52,October,10,4,2023
2023-10-18 09:19:29,Business lunch,8.0,Wednesday,2023-10-18,09:19:29,October,10,9,2023
2023-10-18 14:06:36,Coffe,7.1,Wednesday,2023-10-18,14:06:36,October,10,14,2023
2023-10-18 19:33:29,Market,3.0,Wednesday,2023-10-18,19:33:29,October,10,19,2023
2023-10-19 07:15:45,Business lunch,6.8,Thursday,2023-10-19,07:15:45,October,10,7,2023
2023-10-19 12:13:57,Coffe,10.0,Thursday,2023-10-19,12:13:57,October,10,12,2023
2023-10-19 14:27:43,Coffe,7.1,Thursday,2023-10-19,14:27:43,October,10,14,2023
2023-10-19 18:31:13,Other,10.0,Thursday,2023-10-19,18:31:13,October,10,18,2023
2023-10-19 18:31:17,Transport,5.0,Thursday,2023-10-19,18:31:17,October,10,18,2023
2023-10-20 05:01:07,Market,3.0,Friday,2023-10-20,05:01:07,October,10,5,2023
2023-10-20 07:05:51,Business lunch,7.0,Friday,2023-10-20,07:05:51,October,10,7,2023
2023-10-20 17:22:40,Taxi,3.0,Friday,2023-10-20,17:22:40,October,10,17,2023
2023-10-20 17:34:54,Events,5.0,Friday,2023-10-20,17:34:54,October,10,17,2023
2023-10-20 17:34:56,Events,100.0,Friday,2023-10-20,17:34:56,October,10,17,2023
2023-10-21 09:37:03,Coffe,7.1,Saturday,2023-10-21,09:37:03,October,10,9,2023
2023-10-21 12:04:27,Coffe,7.1,Saturday,2023-10-21,12:04:27,October,10,12,2023
2023-10-21 17:48:53,Market,6.0,Saturday,2023-10-21,17:48:53,October,10,17,2023
2023-10-21 17:48:55,Restuarant,40.0,Saturday,2023-10-21,17:48:55,October,10,17,2023
2023-10-22 02:57:29,Phone,10.0,Sunday,2023-10-22,02:57:29,October,10,2,2023
2023-10-22 07:04:06,Fuel,5.0,Sunday,2023-10-22,07:04:06,October,10,7,2023
2023-10-22 07:04:10,Restuarant,13.0,Sunday,2023-10-22,07:04:10,October,10,7,2023
2023-10-22 07:18:49,Fuel,4.0,Sunday,2023-10-22,07:18:49,October,10,7,2023
2023-10-22 09:53:52,Restuarant,4.0,Sunday,2023-10-22,09:53:52,October,10,9,2023
2023-10-22 12:26:50,Coffe,7.1,Sunday,2023-10-22,12:26:50,October,10,12,2023
2023-10-22 18:29:22,Market,8.0,Sunday,2023-10-22,18:29:22,October,10,18,2023
2023-10-23 04:44:50,Coffe,5.0,Monday,2023-10-23,04:44:50,October,10,4,2023
2023-10-23 05:29:28,Events,29.0,Monday,2023-10-23,05:29:28,October,10,5,2023
2023-10-23 09:35:46,Coffe,17.0,Monday,2023-10-23,09:35:46,October,10,9,2023
2023-10-23 15:39:32,Learning,1.4,Monday,2023-10-23,15:39:32,October,10,15,2023
2023-10-23 16:25:22,Market,2.4,Monday,2023-10-23,16:25:22,October,10,16,2023
2023-10-24 04:38:27,Coffe,4.16,Tuesday,2023-10-24,04:38:27,October,10,4,2023
2023-10-24 04:42:10,Coffe,4.0,Tuesday,2023-10-24,04:42:10,October,10,4,2023
2023-10-24 07:41:28,Business lunch,6.7,Tuesday,2023-10-24,07:41:28,October,10,7,2023
2023-10-24 09:06:09,Other,3.0,Tuesday,2023-10-24,09:06:09,October,10,9,2023
2023-10-24 14:17:58,Coffe,7.1,Tuesday,2023-10-24,14:17:58,October,10,14,2023
2023-10-25 07:23:38,Business lunch,6.8,Wednesday,2023-10-25,07:23:38,October,10,7,2023
2023-10-25 09:49:36,Market,5.3,Wednesday,2023-10-25,09:49:36,October,10,9,2023
2023-10-25 12:23:38,Restuarant,6.3,Wednesday,2023-10-25,12:23:38,October,10,12,2023
2023-10-25 14:37:13,Coffe,7.1,Wednesday,2023-10-25,14:37:13,October,10,14,2023
2023-10-25 17:11:58,Transport,5.0,Wednesday,2023-10-25,17:11:58,October,10,17,2023
2023-10-26 07:33:32,Business lunch,6.7,Thursday,2023-10-26,07:33:32,October,10,7,2023
2023-10-26 11:40:42,Market,9.0,Thursday,2023-10-26,11:40:42,October,10,11,2023
2023-10-26 14:39:30,Coffe,17.0,Thursday,2023-10-26,14:39:30,October,10,14,2023
2023-10-26 18:48:52,Market,3.73,Thursday,2023-10-26,18:48:52,October,10,18,2023
2023-10-27 04:28:12,Market,7.2,Friday,2023-10-27,04:28:12,October,10,4,2023
2023-10-27 14:28:11,Coffe,7.1,Friday,2023-10-27,14:28:11,October,10,14,2023
2023-10-27 17:49:09,Coffe,10.8,Friday,2023-10-27,17:49:09,October,10,17,2023
2023-10-27 19:09:00,Market,8.14,Friday,2023-10-27,19:09:00,October,10,19,2023
2023-10-28 08:28:59,Coffe,7.1,Saturday,2023-10-28,08:28:59,October,10,8,2023
2023-10-28 19:37:07,Restuarant,78.0,Saturday,2023-10-28,19:37:07,October,10,19,2023
2023-10-29 04:43:34,Market,5.0,Sunday,2023-10-29,04:43:34,October,10,4,2023
2023-10-29 10:39:16,Market,6.0,Sunday,2023-10-29,10:39:16,October,10,10,2023
2023-10-29 10:58:30,Coffe,16.0,Sunday,2023-10-29,10:58:30,October,10,10,2023
2023-10-30 04:31:30,Market,5.62,Monday,2023-10-30,04:31:30,October,10,4,2023
2023-10-30 09:50:58,Business lunch,10.0,Monday,2023-10-30,09:50:58,October,10,9,2023
2023-10-30 14:22:46,Coffe,7.1,Monday,2023-10-30,14:22:46,October,10,14,2023
2023-10-30 18:41:42,Transport,5.0,Monday,2023-10-30,18:41:42,October,10,18,2023
2023-10-31 04:52:51,Market,4.1,Tuesday,2023-10-31,04:52:51,October,10,4,2023
2023-10-31 14:47:33,Coffe,7.1,Tuesday,2023-10-31,14:47:33,October,10,14,2023
2023-10-31 14:47:38,Business lunch,6.3,Tuesday,2023-10-31,14:47:38,October,10,14,2023
2023-10-31 18:30:28,Market,30.0,Tuesday,2023-10-31,18:30:28,October,10,18,2023
2023-11-01 04:36:48,Market,5.36,Wednesday,2023-11-01,04:36:48,November,11,4,2023
2023-11-01 09:35:03,Business lunch,10.0,Wednesday,2023-11-01,09:35:03,November,11,9,2023
2023-11-01 14:25:43,Coffe,7.1,Wednesday,2023-11-01,14:25:43,November,11,14,2023
2023-11-01 18:58:02,Market,4.54,Wednesday,2023-11-01,18:58:02,November,11,18,2023
2023-11-02 03:18:15,Phone,10.0,Thursday,2023-11-02,03:18:15,November,11,3,2023
2023-11-02 04:40:11,Sport,20.0,Thursday,2023-11-02,04:40:11,November,11,4,2023
2023-11-02 10:19:41,Business lunch,10.0,Thursday,2023-11-02,10:19:41,November,11,10,2023
2023-11-02 14:23:33,Coffe,7.1,Thursday,2023-11-02,14:23:33,November,11,14,2023
2023-11-02 17:43:58,Market,17.0,Thursday,2023-11-02,17:43:58,November,11,17,2023
2023-11-03 10:11:44,Business lunch,7.0,Friday,2023-11-03,10:11:44,November,11,10,2023
2023-11-03 12:24:39,Coffe,15.0,Friday,2023-11-03,12:24:39,November,11,12,2023
2023-11-03 14:29:27,Coffe,7.9,Friday,2023-11-03,14:29:27,November,11,14,2023
2023-11-03 17:43:51,Other,10.0,Friday,2023-11-03,17:43:51,November,11,17,2023
2023-11-04 04:37:53,Market,5.13,Saturday,2023-11-04,04:37:53,November,11,4,2023
2023-11-04 09:53:00,Coffe,15.0,Saturday,2023-11-04,09:53:00,November,11,9,2023
2023-11-04 14:21:29,Coffe,18.0,Saturday,2023-11-04,14:21:29,November,11,14,2023
2023-11-05 07:44:15,Coffe,17.0,Sunday,2023-11-05,07:44:15,November,11,7,2023
2023-11-05 11:22:11,Phone,3.0,Sunday,2023-11-05,11:22:11,November,11,11,2023
2023-11-05 14:43:58,Taxi,2.5,Sunday,2023-11-05,14:43:58,November,11,14,2023
2023-11-05 19:10:22,joy,100.0,Sunday,2023-11-05,19:10:22,November,11,19,2023
2023-11-05 19:41:55,Market,14.0,Sunday,2023-11-05,19:41:55,November,11,19,2023
2023-11-06 04:31:29,Market,5.5,Monday,2023-11-06,04:31:29,November,11,4,2023
2023-11-06 09:48:55,Market,2.73,Monday,2023-11-06,09:48:55,November,11,9,2023
2023-11-06 14:03:27,Transport,5.0,Monday,2023-11-06,14:03:27,November,11,14,2023
2023-11-06 17:09:15,Restuarant,23.0,Monday,2023-11-06,17:09:15,November,11,17,2023
2023-11-06 17:26:04,Market,1.73,Monday,2023-11-06,17:26:04,November,11,17,2023
2023-11-07 10:13:59,Business lunch,10.0,Tuesday,2023-11-07,10:13:59,November,11,10,2023
2023-11-07 14:30:10,Coffe,17.0,Tuesday,2023-11-07,14:30:10,November,11,14,2023
2023-11-08 13:40:48,Restuarant,7.4,Wednesday,2023-11-08,13:40:48,November,11,13,2023
2023-11-08 13:41:38,Coffe,7.9,Wednesday,2023-11-08,13:41:38,November,11,13,2023
2023-11-08 14:52:14,Market,21.37,Wednesday,2023-11-08,14:52:14,November,11,14,2023
2023-11-08 14:55:36,Market,3.0,Wednesday,2023-11-08,14:55:36,November,11,14,2023
2023-11-08 15:00:35,Market,2.29,Wednesday,2023-11-08,15:00:35,November,11,15,2023
2023-11-09 12:45:19,Market,6.6,Thursday,2023-11-09,12:45:19,November,11,12,2023
2023-11-10 10:19:09,Market,0.5,Friday,2023-11-10,10:19:09,November,11,10,2023
2023-11-10 10:19:11,Taxi,2.5,Friday,2023-11-10,10:19:11,November,11,10,2023
2023-11-10 10:39:25,Coffe,10.0,Friday,2023-11-10,10:39:25,November,11,10,2023
2023-11-10 12:38:02,Market,6.9,Friday,2023-11-10,12:38:02,November,11,12,2023
2023-11-10 12:51:09,Clothing,4.0,Friday,2023-11-10,12:51:09,November,11,12,2023
2023-11-11 09:28:43,Restuarant,5.5,Saturday,2023-11-11,09:28:43,November,11,9,2023
2023-11-11 09:28:47,Coffe,9.5,Saturday,2023-11-11,09:28:47,November,11,9,2023
2023-11-11 10:33:06,Transport,5.0,Saturday,2023-11-11,10:33:06,November,11,10,2023
2023-11-11 11:10:19,Coffe,9.5,Saturday,2023-11-11,11:10:19,November,11,11,2023
2023-11-11 13:07:48,Market,9.4,Saturday,2023-11-11,13:07:48,November,11,13,2023
2023-11-12 09:21:49,Coffe,9.5,Sunday,2023-11-12,09:21:49,November,11,9,2023
2023-11-12 12:21:50,Restuarant,5.5,Sunday,2023-11-12,12:21:50,November,11,12,2023
2023-11-12 14:01:05,Coffe,9.5,Sunday,2023-11-12,14:01:05,November,11,14,2023
2023-11-13 04:58:11,Market,0.9,Monday,2023-11-13,04:58:11,November,11,4,2023
2023-11-13 07:04:07,Other,22.95,Monday,2023-11-13,07:04:07,November,11,7,2023
2023-11-13 10:02:38,Business lunch,10.0,Monday,2023-11-13,10:02:38,November,11,10,2023
2023-11-13 15:23:46,Coffe,9.5,Monday,2023-11-13,15:23:46,November,11,15,2023
2023-11-13 15:40:26,Phone,5.0,Monday,2023-11-13,15:40:26,November,11,15,2023
2023-11-14 04:22:02,Market,2.15,Tuesday,2023-11-14,04:22:02,November,11,4,2023
2023-11-14 07:16:17,Phone,10.0,Tuesday,2023-11-14,07:16:17,November,11,7,2023
2023-11-14 09:55:52,Market,9.39,Tuesday,2023-11-14,09:55:52,November,11,9,2023
2023-11-14 15:14:25,Market,7.4,Tuesday,2023-11-14,15:14:25,November,11,15,2023
2023-11-15 04:30:34,Market,4.1,Wednesday,2023-11-15,04:30:34,November,11,4,2023
2023-11-15 09:36:26,Business lunch,10.0,Wednesday,2023-11-15,09:36:26,November,11,9,2023
2023-11-15 14:17:22,Taxi,1.0,Wednesday,2023-11-15,14:17:22,November,11,14,2023
2023-11-16 04:47:26,Market,4.8,Thursday,2023-11-16,04:47:26,November,11,4,2023
2023-11-16 06:17:10,Coffe,7.0,Thursday,2023-11-16,06:17:10,November,11,6,2023
2023-11-16 06:36:38,Phone,1.0,Thursday,2023-11-16,06:36:38,November,11,6,2023
2023-11-16 14:05:54,Health,70.0,Thursday,2023-11-16,14:05:54,November,11,14,2023
2023-11-16 15:24:10,Market,1.6,Thursday,2023-11-16,15:24:10,November,11,15,2023
2023-11-16 15:24:16,Other,10.0,Thursday,2023-11-16,15:24:16,November,11,15,2023
2023-11-17 07:05:38,Business lunch,5.4,Friday,2023-11-17,07:05:38,November,11,7,2023
2023-11-17 07:59:02,Phone,2.0,Friday,2023-11-17,07:59:02,November,11,7,2023
2023-11-17 09:37:59,Business lunch,10.0,Friday,2023-11-17,09:37:59,November,11,9,2023
2023-11-18 08:12:04,Business lunch,8.0,Saturday,2023-11-18,08:12:04,November,11,8,2023
2023-11-18 09:47:41,Tech,65.0,Saturday,2023-11-18,09:47:41,November,11,9,2023
2023-11-18 09:47:44,Events,11.0,Saturday,2023-11-18,09:47:44,November,11,9,2023
2023-11-18 10:33:08,Coffe,10.0,Saturday,2023-11-18,10:33:08,November,11,10,2023
2023-11-18 14:30:26,Coffe,10.6,Saturday,2023-11-18,14:30:26,November,11,14,2023
2023-11-18 16:37:22,Market,25.0,Saturday,2023-11-18,16:37:22,November,11,16,2023
2023-11-19 06:31:13,Coffe,8.7,Sunday,2023-11-19,06:31:13,November,11,6,2023
2023-11-19 06:56:36,Other,20.0,Sunday,2023-11-19,06:56:36,November,11,6,2023
2023-11-19 09:35:07,Phone,5.0,Sunday,2023-11-19,09:35:07,November,11,9,2023
2023-11-19 11:12:03,Business lunch,7.0,Sunday,2023-11-19,11:12:03,November,11,11,2023
2023-11-19 11:41:12,Coffe,9.5,Sunday,2023-11-19,11:41:12,November,11,11,2023
2023-11-20 04:29:04,Market,2.0,Monday,2023-11-20,04:29:04,November,11,4,2023
2023-11-20 09:32:33,Business lunch,10.0,Monday,2023-11-20,09:32:33,November,11,9,2023
2023-11-20 11:13:29,Restuarant,6.5,Monday,2023-11-20,11:13:29,November,11,11,2023
2023-11-20 14:30:43,Coffe,6.5,Monday,2023-11-20,14:30:43,November,11,14,2023
2023-11-20 16:41:29,Market,12.0,Monday,2023-11-20,16:41:29,November,11,16,2023
2023-11-21 04:47:23,Communal,150.0,Tuesday,2023-11-21,04:47:23,November,11,4,2023
2023-11-21 10:04:04,Market,7.6,Tuesday,2023-11-21,10:04:04,November,11,10,2023
2023-11-21 15:41:52,Coffe,9.5,Tuesday,2023-11-21,15:41:52,November,11,15,2023
2023-11-21 17:59:46,Market,12.0,Tuesday,2023-11-21,17:59:46,November,11,17,2023
2023-11-22 08:53:29,Business lunch,5.0,Wednesday,2023-11-22,08:53:29,November,11,8,2023
2023-11-22 14:29:16,Coffe,9.5,Wednesday,2023-11-22,14:29:16,November,11,14,2023
2023-11-22 15:51:30,Restuarant,5.5,Wednesday,2023-11-22,15:51:30,November,11,15,2023
2023-11-23 04:28:00,Market,5.7,Thursday,2023-11-23,04:28:00,November,11,4,2023
2023-11-23 07:35:52,Transport,5.0,Thursday,2023-11-23,07:35:52,November,11,7,2023
2023-11-23 15:01:58,Coffe,9.0,Thursday,2023-11-23,15:01:58,November,11,15,2023
2023-11-23 19:26:49,Market,5.0,Thursday,2023-11-23,19:26:49,November,11,19,2023
2023-11-24 04:32:55,Market,12.25,Friday,2023-11-24,04:32:55,November,11,4,2023
2023-11-24 09:50:32,Market,0.75,Friday,2023-11-24,09:50:32,November,11,9,2023
2023-11-24 17:18:01,Restuarant,20.0,Friday,2023-11-24,17:18:01,November,11,17,2023
2023-11-25 08:51:06,Coffe,9.5,Saturday,2023-11-25,08:51:06,November,11,8,2023
2023-11-25 15:15:33,Restuarant,10.0,Saturday,2023-11-25,15:15:33,November,11,15,2023
2023-11-25 15:59:44,Learning,13.0,Saturday,2023-11-25,15:59:44,November,11,15,2023
2023-11-26 05:50:35,Coffe,9.5,Sunday,2023-11-26,05:50:35,November,11,5,2023
2023-11-26 06:52:42,Coffe,10.0,Sunday,2023-11-26,06:52:42,November,11,6,2023
2023-11-26 15:00:55,Transport,10.0,Sunday,2023-11-26,15:00:55,November,11,15,2023
2023-11-26 15:39:48,Other,10.0,Sunday,2023-11-26,15:39:48,November,11,15,2023
2023-11-26 15:39:53,Restuarant,22.0,Sunday,2023-11-26,15:39:53,November,11,15,2023
2023-11-26 15:39:59,Restuarant,5.5,Sunday,2023-11-26,15:39:59,November,11,15,2023
2023-11-26 16:57:41,Market,4.22,Sunday,2023-11-26,16:57:41,November,11,16,2023
2023-11-27 04:26:20,Market,3.73,Monday,2023-11-27,04:26:20,November,11,4,2023
2023-11-27 09:18:38,Business lunch,9.0,Monday,2023-11-27,09:18:38,November,11,9,2023
2023-11-27 09:24:52,Coffe,9.2,Monday,2023-11-27,09:24:52,November,11,9,2023
2023-11-27 14:35:05,Coffe,9.5,Monday,2023-11-27,14:35:05,November,11,14,2023
2023-11-27 16:56:27,Market,9.5,Monday,2023-11-27,16:56:27,November,11,16,2023
2023-11-27 16:57:52,Market,10.32,Monday,2023-11-27,16:57:52,November,11,16,2023
2023-11-28 04:46:23,Coffe,4.0,Tuesday,2023-11-28,04:46:23,November,11,4,2023
2023-11-28 08:12:10,Restuarant,14.0,Tuesday,2023-11-28,08:12:10,November,11,8,2023
2023-11-28 14:21:30,Coffe,9.5,Tuesday,2023-11-28,14:21:30,November,11,14,2023
2023-11-29 07:41:27,Business lunch,6.3,Wednesday,2023-11-29,07:41:27,November,11,7,2023
2023-11-29 14:14:13,Coffe,9.5,Wednesday,2023-11-29,14:14:13,November,11,14,2023
2023-11-29 15:57:05,Coffe,10.0,Wednesday,2023-11-29,15:57:05,November,11,15,2023
2023-11-29 17:25:23,Market,11.0,Wednesday,2023-11-29,17:25:23,November,11,17,2023
2023-11-30 05:37:25,Market,5.0,Thursday,2023-11-30,05:37:25,November,11,5,2023
2023-11-30 07:29:32,Business lunch,6.3,Thursday,2023-11-30,07:29:32,November,11,7,2023
2023-11-30 14:32:41,Coffe,9.5,Thursday,2023-11-30,14:32:41,November,11,14,2023
2023-11-30 17:52:59,Market,4.0,Thursday,2023-11-30,17:52:59,November,11,17,2023
2023-12-01 04:38:35,Market,1.7,Friday,2023-12-01,04:38:35,December,12,4,2023
2023-12-01 06:48:35,Restuarant,4.1,Friday,2023-12-01,06:48:35,December,12,6,2023
2023-12-01 12:14:05,Restuarant,7.2,Friday,2023-12-01,12:14:05,December,12,12,2023
2023-12-01 12:14:44,Restuarant,2.68,Friday,2023-12-01,12:14:44,December,12,12,2023
2023-12-01 13:16:44,Events,100.0,Friday,2023-12-01,13:16:44,December,12,13,2023
2023-12-01 15:10:57,Market,7.21,Friday,2023-12-01,15:10:57,December,12,15,2023
2023-12-02 10:14:26,Tech,80.0,Saturday,2023-12-02,10:14:26,December,12,10,2023
2023-12-02 10:45:43,Coffe,9.5,Saturday,2023-12-02,10:45:43,December,12,10,2023
2023-12-02 13:25:12,Restuarant,5.5,Saturday,2023-12-02,13:25:12,December,12,13,2023
2023-12-02 14:20:45,Market,23.0,Saturday,2023-12-02,14:20:45,December,12,14,2023
2023-12-03 05:02:24,Sport,20.0,Sunday,2023-12-03,05:02:24,December,12,5,2023
2023-12-03 06:03:58,Market,1.0,Sunday,2023-12-03,06:03:58,December,12,6,2023
2023-12-03 06:21:44,Tech,8.0,Sunday,2023-12-03,06:21:44,December,12,6,2023
2023-12-03 06:43:45,Coffe,17.0,Sunday,2023-12-03,06:43:45,December,12,6,2023
2023-12-03 09:46:25,Coffe,9.0,Sunday,2023-12-03,09:46:25,December,12,9,2023
2023-12-03 15:18:38,Restuarant,90.0,Sunday,2023-12-03,15:18:38,December,12,15,2023
2023-12-04 04:38:09,Market,2.0,Monday,2023-12-04,04:38:09,December,12,4,2023
2023-12-04 11:57:43,Restuarant,6.3,Monday,2023-12-04,11:57:43,December,12,11,2023
2023-12-04 14:16:33,Coffe,9.5,Monday,2023-12-04,14:16:33,December,12,14,2023
2023-12-04 16:18:14,Market,44.0,Monday,2023-12-04,16:18:14,December,12,16,2023
2023-12-05 04:51:36,Market,7.0,Tuesday,2023-12-05,04:51:36,December,12,4,2023
2023-12-05 08:41:10,Business lunch,10.0,Tuesday,2023-12-05,08:41:10,December,12,8,2023
2023-12-05 14:36:36,Market,15.0,Tuesday,2023-12-05,14:36:36,December,12,14,2023
2023-12-06 04:48:56,Phone,11.0,Wednesday,2023-12-06,04:48:56,December,12,4,2023
2023-12-06 08:15:57,Business lunch,10.0,Wednesday,2023-12-06,08:15:57,December,12,8,2023
2023-12-06 14:46:49,Market,6.55,Wednesday,2023-12-06,14:46:49,December,12,14,2023
2023-12-06 04:05:00,Phone,5.0,Wednesday,2023-12-06,04:05:00,December,12,4,2023
2023-12-07 07:41:41,Business lunch,6.7,Thursday,2023-12-07,07:41:41,December,12,7,2023
2023-12-07 12:08:29,Business lunch,6.3,Thursday,2023-12-07,12:08:29,December,12,12,2023
2023-12-08 04:55:07,Coffe,15.0,Friday,2023-12-08,04:55:07,December,12,4,2023
2023-12-08 10:57:43,Health,2.0,Friday,2023-12-08,10:57:43,December,12,10,2023
2023-12-09 10:36:39,Market,5.8,Saturday,2023-12-09,10:36:39,December,12,10,2023
2023-12-09 11:50:02,Coffe,13.2,Saturday,2023-12-09,11:50:02,December,12,11,2023
2023-12-09 14:52:29,Restuarant,7.4,Saturday,2023-12-09,14:52:29,December,12,14,2023
2023-12-09 15:03:02,Transport,5.0,Saturday,2023-12-09,15:03:02,December,12,15,2023
2023-12-09 15:46:50,Market,5.75,Saturday,2023-12-09,15:46:50,December,12,15,2023
2023-12-10 10:45:15,Coffe,9.5,Sunday,2023-12-10,10:45:15,December,12,10,2023
2023-12-10 10:46:39,Other,10.0,Sunday,2023-12-10,10:46:39,December,12,10,2023
2023-12-10 17:36:37,Market,0.5,Sunday,2023-12-10,17:36:37,December,12,17,2023
2023-12-10 18:57:15,Restuarant,114.0,Sunday,2023-12-10,18:57:15,December,12,18,2023
2023-12-10 18:57:26,Communal,200.0,Sunday,2023-12-10,18:57:26,December,12,18,2023
2023-12-11 04:33:18,Coffe,6.0,Monday,2023-12-11,04:33:18,December,12,4,2023
2023-12-11 19:22:12,Restuarant,60.0,Monday,2023-12-11,19:22:12,December,12,19,2023
2023-12-12 04:41:42,Coffe,5.0,Tuesday,2023-12-12,04:41:42,December,12,4,2023
2023-12-12 11:13:38,Business lunch,14.0,Tuesday,2023-12-12,11:13:38,December,12,11,2023
2023-12-12 15:00:02,Market,21.0,Tuesday,2023-12-12,15:00:02,December,12,15,2023
2023-12-13 04:46:47,Coffe,6.0,Wednesday,2023-12-13,04:46:47,December,12,4,2023
2023-12-13 09:40:05,Business lunch,11.0,Wednesday,2023-12-13,09:40:05,December,12,9,2023
2023-12-13 11:31:26,Transport,5.0,Wednesday,2023-12-13,11:31:26,December,12,11,2023
2023-12-13 14:45:12,Market,5.0,Wednesday,2023-12-13,14:45:12,December,12,14,2023
2023-12-14 04:59:48,Restuarant,13.3,Thursday,2023-12-14,04:59:48,December,12,4,2023
2023-12-14 11:38:13,Business lunch,14.0,Thursday,2023-12-14,11:38:13,December,12,11,2023
2023-12-14 14:16:05,Coffe,9.5,Thursday,2023-12-14,14:16:05,December,12,14,2023
2023-12-14 17:06:56,Market,8.21,Thursday,2023-12-14,17:06:56,December,12,17,2023
2023-12-15 06:24:10,Business lunch,8.0,Friday,2023-12-15,06:24:10,December,12,6,2023
2023-12-15 07:39:17,Business lunch,5.9,Friday,2023-12-15,07:39:17,December,12,7,2023
2023-12-15 08:48:12,Events,100.0,Friday,2023-12-15,08:48:12,December,12,8,2023
2023-12-15 12:08:39,Business lunch,9.5,Friday,2023-12-15,12:08:39,December,12,12,2023
2023-12-15 14:20:56,Coffe,9.5,Friday,2023-12-15,14:20:56,December,12,14,2023
2023-12-15 19:42:06,Market,12.13,Friday,2023-12-15,19:42:06,December,12,19,2023
2023-12-16 11:05:56,Market,6.5,Saturday,2023-12-16,11:05:56,December,12,11,2023
2023-12-16 11:32:18,Coffe,18.6,Saturday,2023-12-16,11:32:18,December,12,11,2023
2023-12-16 15:44:47,Market,12.0,Saturday,2023-12-16,15:44:47,December,12,15,2023
2023-12-17 11:41:39,Market,0.85,Sunday,2023-12-17,11:41:39,December,12,11,2023
2023-12-17 15:02:35,Market,5.0,Sunday,2023-12-17,15:02:35,December,12,15,2023
2023-12-18 17:23:45,Transport,6.0,Monday,2023-12-18,17:23:45,December,12,17,2023
2023-12-18 17:23:48,Clothing,25.0,Monday,2023-12-18,17:23:48,December,12,17,2023
2023-12-18 17:31:32,Market,8.6,Monday,2023-12-18,17:31:32,December,12,17,2023
2023-12-19 10:43:22,Transport,10.0,Tuesday,2023-12-19,10:43:22,December,12,10,2023
2023-12-19 13:07:49,Taxi,2.71,Tuesday,2023-12-19,13:07:49,December,12,13,2023
2023-12-19 13:47:28,Coffe,11.5,Tuesday,2023-12-19,13:47:28,December,12,13,2023
2023-12-19 18:04:03,Market,8.4,Tuesday,2023-12-19,18:04:03,December,12,18,2023
2023-12-20 10:42:27,Market,1.5,Wednesday,2023-12-20,10:42:27,December,12,10,2023
2023-12-20 12:43:44,Coffe,3.0,Wednesday,2023-12-20,12:43:44,December,12,12,2023
2023-12-20 15:04:24,Coffe,10.7,Wednesday,2023-12-20,15:04:24,December,12,15,2023
2023-12-20 19:25:52,Restuarant,42.0,Wednesday,2023-12-20,19:25:52,December,12,19,2023
2023-12-21 11:17:09,Coffe,9.5,Thursday,2023-12-21,11:17:09,December,12,11,2023
2023-12-21 15:19:48,Market,6.6,Thursday,2023-12-21,15:19:48,December,12,15,2023
2023-12-22 13:02:31,Coffe,9.5,Friday,2023-12-22,13:02:31,December,12,13,2023
2023-12-22 16:10:19,Market,18.0,Friday,2023-12-22,16:10:19,December,12,16,2023
2023-12-23 07:49:49,Other,10.0,Saturday,2023-12-23,07:49:49,December,12,7,2023
2023-12-23 10:43:07,Market,1.0,Saturday,2023-12-23,10:43:07,December,12,10,2023
2023-12-23 11:17:44,Coffe,9.5,Saturday,2023-12-23,11:17:44,December,12,11,2023
2023-12-24 06:27:48,Coffe,9.5,Sunday,2023-12-24,06:27:48,December,12,6,2023
2023-12-24 15:39:26,Market,16.0,Sunday,2023-12-24,15:39:26,December,12,15,2023
2023-12-24 15:50:21,Restuarant,40.0,Sunday,2023-12-24,15:50:21,December,12,15,2023
2023-12-25 13:17:18,Market,25.0,Monday,2023-12-25,13:17:18,December,12,13,2023
2023-12-25 13:17:21,Coffe,9.5,Monday,2023-12-25,13:17:21,December,12,13,2023
2023-12-26 10:20:07,Coffe,9.5,Tuesday,2023-12-26,10:20:07,December,12,10,2023
2023-12-26 12:21:25,Coffe,19.4,Tuesday,2023-12-26,12:21:25,December,12,12,2023
2023-12-26 16:35:23,Health,1.0,Tuesday,2023-12-26,16:35:23,December,12,16,2023
2023-12-26 16:40:13,Restuarant,8.4,Tuesday,2023-12-26,16:40:13,December,12,16,2023
2023-12-26 16:52:10,Market,2.45,Tuesday,2023-12-26,16:52:10,December,12,16,2023
2023-12-27 09:00:28,Coffe,5.0,Wednesday,2023-12-27,09:00:28,December,12,9,2023
2023-12-27 09:28:40,Coffe,4.8,Wednesday,2023-12-27,09:28:40,December,12,9,2023
2023-12-27 11:29:43,Market,6.0,Wednesday,2023-12-27,11:29:43,December,12,11,2023
2023-12-27 11:29:45,Taxi,4.0,Wednesday,2023-12-27,11:29:45,December,12,11,2023
2023-12-28 09:55:47,Health,3.1,Thursday,2023-12-28,09:55:47,December,12,9,2023
2023-12-28 16:32:45,Market,21.0,Thursday,2023-12-28,16:32:45,December,12,16,2023
2023-12-29 09:06:12,Market,6.6,Friday,2023-12-29,09:06:12,December,12,9,2023
2023-12-29 09:59:52,Phone,3.0,Friday,2023-12-29,09:59:52,December,12,9,2023
2023-12-29 17:26:17,Taxi,3.7,Friday,2023-12-29,17:26:17,December,12,17,2023
2023-12-29 19:44:30,Restuarant,100.0,Friday,2023-12-29,19:44:30,December,12,19,2023
2023-12-30 03:32:05,Transport,10.0,Saturday,2023-12-30,03:32:05,December,12,3,2023
2023-12-30 10:12:47,Market,0.5,Saturday,2023-12-30,10:12:47,December,12,10,2023
2023-12-30 10:12:52,Health,0.2,Saturday,2023-12-30,10:12:52,December,12,10,2023
2023-12-30 11:36:08,Taxi,3.5,Saturday,2023-12-30,11:36:08,December,12,11,2023
2023-12-30 12:07:13,Market,15.4,Saturday,2023-12-30,12:07:13,December,12,12,2023
2023-12-31 09:55:05,Market,5.5,Sunday,2023-12-31,09:55:05,December,12,9,2023
2023-12-31 15:37:49,Market,4.5,Sunday,2023-12-31,15:37:49,December,12,15,2023
2024-01-01 10:26:14,Other,10.0,Monday,2024-01-01,10:26:14,January,1,10,2024
2024-01-01 11:13:15,Market,3.22,Monday,2024-01-01,11:13:15,January,1,11,2024
2024-01-02 12:45:10,Market,0.5,Tuesday,2024-01-02,12:45:10,January,1,12,2024
2024-01-02 12:45:12,Taxi,3.0,Tuesday,2024-01-02,12:45:12,January,1,12,2024
2024-01-02 13:27:33,Coffe,9.5,Tuesday,2024-01-02,13:27:33,January,1,13,2024
2024-01-02 15:58:44,Market,8.77,Tuesday,2024-01-02,15:58:44,January,1,15,2024
2024-01-03 08:30:11,Coffe,9.5,Wednesday,2024-01-03,08:30:11,January,1,8,2024
2024-01-03 12:06:04,Learning,21.0,Wednesday,2024-01-03,12:06:04,January,1,12,2024
2024-01-03 15:55:29,Restuarant,35.0,Wednesday,2024-01-03,15:55:29,January,1,15,2024
2024-01-04 09:28:57,Taxi,2.5,Thursday,2024-01-04,09:28:57,January,1,9,2024
2024-01-04 09:30:28,Coffe,9.5,Thursday,2024-01-04,09:30:28,January,1,9,2024
2024-01-04 13:13:14,Market,15.8,Thursday,2024-01-04,13:13:14,January,1,13,2024
2024-01-05 09:40:37,Market,0.5,Friday,2024-01-05,09:40:37,January,1,9,2024
2024-01-05 09:41:12,Coffe,9.5,Friday,2024-01-05,09:41:12,January,1,9,2024
2024-01-05 12:25:47,Phone,10.0,Friday,2024-01-05,12:25:47,January,1,12,2024
2024-01-05 13:16:51,Coffe,16.0,Friday,2024-01-05,13:16:51,January,1,13,2024
2024-01-05 13:57:05,Coffe,7.1,Friday,2024-01-05,13:57:05,January,1,13,2024
2024-01-05 20:23:53,Market,4.8,Friday,2024-01-05,20:23:53,January,1,20,2024
2024-01-05 20:23:54,Restuarant,80.0,Friday,2024-01-05,20:23:54,January,1,20,2024
2024-01-06 10:26:06,Learning,26.0,Saturday,2024-01-06,10:26:06,January,1,10,2024
2024-01-06 10:39:07,Coffe,9.5,Saturday,2024-01-06,10:39:07,January,1,10,2024
2024-01-06 12:26:29,Restuarant,5.6,Saturday,2024-01-06,12:26:29,January,1,12,2024
2024-01-06 13:24:03,Market,0.75,Saturday,2024-01-06,13:24:03,January,1,13,2024
2024-01-07 07:35:07,Business lunch,17.0,Sunday,2024-01-07,07:35:07,January,1,7,2024
2024-01-07 14:54:47,Market,3.4,Sunday,2024-01-07,14:54:47,January,1,14,2024
2024-01-08 05:53:57,Transport,10.0,Monday,2024-01-08,05:53:57,January,1,5,2024
2024-01-08 09:40:18,Business lunch,10.0,Monday,2024-01-08,09:40:18,January,1,9,2024
2024-01-09 09:48:18,Business lunch,11.0,Tuesday,2024-01-09,09:48:18,January,1,9,2024
2024-01-09 10:17:57,Market,1.7,Tuesday,2024-01-09,10:17:57,January,1,10,2024
2024-01-09 15:29:59,Restuarant,25.0,Tuesday,2024-01-09,15:29:59,January,1,15,2024
2024-01-09 17:37:36,Restuarant,15.0,Tuesday,2024-01-09,17:37:36,January,1,17,2024
2024-01-10 07:29:47,Business lunch,14.0,Wednesday,2024-01-10,07:29:47,January,1,7,2024
2024-01-10 15:36:24,Phone,5.0,Wednesday,2024-01-10,15:36:24,January,1,15,2024
2024-01-10 15:45:53,Restuarant,10.0,Wednesday,2024-01-10,15:45:53,January,1,15,2024
2024-01-11 08:18:02,Business lunch,9.52,Thursday,2024-01-11,08:18:02,January,1,8,2024
2024-01-12 10:03:50,Business lunch,7.0,Friday,2024-01-12,10:03:50,January,1,10,2024
2024-01-14 09:10:14,Coffe,9.5,Sunday,2024-01-14,09:10:14,January,1,9,2024
2024-01-15 04:31:17,Market,6.5,Monday,2024-01-15,04:31:17,January,1,4,2024
2024-01-15 15:06:09,Business lunch,7.0,Monday,2024-01-15,15:06:09,January,1,15,2024
2024-01-15 15:06:16,Market,7.0,Monday,2024-01-15,15:06:16,January,1,15,2024
2024-01-16 06:05:46,Restuarant,100.0,Tuesday,2024-01-16,06:05:46,January,1,6,2024
2024-01-16 06:05:54,Communal,200.0,Tuesday,2024-01-16,06:05:54,January,1,6,2024
2024-01-16 10:23:17,Business lunch,11.0,Tuesday,2024-01-16,10:23:17,January,1,10,2024
2024-01-16 18:52:10,Restuarant,36.0,Tuesday,2024-01-16,18:52:10,January,1,18,2024
2024-01-17 03:45:28,Market,12.0,Wednesday,2024-01-17,03:45:28,January,1,3,2024
2024-01-17 04:59:52,Market,8.0,Wednesday,2024-01-17,04:59:52,January,1,4,2024
2024-01-17 09:27:59,Business lunch,6.0,Wednesday,2024-01-17,09:27:59,January,1,9,2024
2024-01-17 14:44:40,Market,12.44,Wednesday,2024-01-17,14:44:40,January,1,14,2024
2024-01-18 14:21:56,Business lunch,8.0,Thursday,2024-01-18,14:21:56,January,1,14,2024
2024-01-18 14:51:44,Market,7.41,Thursday,2024-01-18,14:51:44,January,1,14,2024
2024-01-19 04:33:51,Market,5.4,Friday,2024-01-19,04:33:51,January,1,4,2024
2024-01-19 07:05:52,Restuarant,9.52,Friday,2024-01-19,07:05:52,January,1,7,2024
2024-01-19 09:15:36,Coffe,6.1,Friday,2024-01-19,09:15:36,January,1,9,2024
2024-01-19 16:12:15,joy,3.0,Friday,2024-01-19,16:12:15,January,1,16,2024
2024-01-19 18:28:07,Restuarant,19.0,Friday,2024-01-19,18:28:07,January,1,18,2024
2024-01-19 18:28:08,Restuarant,50.0,Friday,2024-01-19,18:28:08,January,1,18,2024
2024-01-20 09:40:50,Coffe,7.1,Saturday,2024-01-20,09:40:50,January,1,9,2024
2024-01-20 11:45:06,Coffe,10.0,Saturday,2024-01-20,11:45:06,January,1,11,2024
2024-01-20 12:41:34,Coffe,7.1,Saturday,2024-01-20,12:41:34,January,1,12,2024
2024-01-20 15:47:12,Market,20.0,Saturday,2024-01-20,15:47:12,January,1,15,2024
2024-01-20 15:52:34,Health,7.0,Saturday,2024-01-20,15:52:34,January,1,15,2024
2024-01-21 03:06:39,Transport,10.0,Sunday,2024-01-21,03:06:39,January,1,3,2024
2024-01-21 05:32:42,Coffe,18.0,Sunday,2024-01-21,05:32:42,January,1,5,2024
2024-01-21 09:29:54,Coffe,8.6,Sunday,2024-01-21,09:29:54,January,1,9,2024
2024-01-21 11:35:26,Learning,3.2,Sunday,2024-01-21,11:35:26,January,1,11,2024
2024-01-21 11:35:30,Market,20.0,Sunday,2024-01-21,11:35:30,January,1,11,2024
2024-01-22 06:49:52,Business lunch,9.52,Monday,2024-01-22,06:49:52,January,1,6,2024
2024-01-22 08:10:31,Restuarant,7.0,Monday,2024-01-22,08:10:31,January,1,8,2024
2024-01-22 10:02:04,Market,9.0,Monday,2024-01-22,10:02:04,January,1,10,2024
2024-01-22 11:28:20,Learning,50.0,Monday,2024-01-22,11:28:20,January,1,11,2024
2024-01-22 19:11:00,Restuarant,25.0,Monday,2024-01-22,19:11:00,January,1,19,2024
2024-01-23 07:07:28,Business lunch,15.0,Tuesday,2024-01-23,07:07:28,January,1,7,2024
2024-01-23 09:14:28,Coffe,9.5,Tuesday,2024-01-23,09:14:28,January,1,9,2024
2024-01-23 14:57:10,Market,12.0,Tuesday,2024-01-23,14:57:10,January,1,14,2024
2024-01-24 04:49:39,Market,6.0,Wednesday,2024-01-24,04:49:39,January,1,4,2024
2024-01-24 07:47:10,Business lunch,11.0,Wednesday,2024-01-24,07:47:10,January,1,7,2024
2024-01-24 17:32:42,Restuarant,30.0,Wednesday,2024-01-24,17:32:42,January,1,17,2024
2024-01-25 04:52:39,Market,5.5,Thursday,2024-01-25,04:52:39,January,1,4,2024
2024-01-25 10:02:08,Clothing,100.0,Thursday,2024-01-25,10:02:08,January,1,10,2024
2024-01-25 15:10:47,Market,13.0,Thursday,2024-01-25,15:10:47,January,1,15,2024
2024-01-26 14:29:23,Business lunch,12.0,Friday,2024-01-26,14:29:23,January,1,14,2024
2024-01-26 22:09:19,Taxi,7.0,Friday,2024-01-26,22:09:19,January,1,22,2024
2024-01-27 09:30:15,Health,90.0,Saturday,2024-01-27,09:30:15,January,1,9,2024
2024-01-28 05:59:39,Coffe,17.0,Sunday,2024-01-28,05:59:39,January,1,5,2024
2024-01-28 10:52:19,Phone,3.0,Sunday,2024-01-28,10:52:19,January,1,10,2024
2024-01-28 15:46:50,Restuarant,30.0,Sunday,2024-01-28,15:46:50,January,1,15,2024
2024-01-29 07:07:09,Market,11.0,Monday,2024-01-29,07:07:09,January,1,7,2024
2024-01-29 15:07:28,Market,13.0,Monday,2024-01-29,15:07:28,January,1,15,2024
2024-01-30 13:06:39,Market,4.23,Tuesday,2024-01-30,13:06:39,January,1,13,2024
2024-01-30 17:17:33,Health,2450.0,Tuesday,2024-01-30,17:17:33,January,1,17,2024
2024-01-30 17:45:54,Health,29.0,Tuesday,2024-01-30,17:45:54,January,1,17,2024
2024-01-31 05:14:19,Transport,10.0,Wednesday,2024-01-31,05:14:19,January,1,5,2024
2024-01-31 15:13:54,Market,17.0,Wednesday,2024-01-31,15:13:54,January,1,15,2024
2024-01-31 20:27:28,Phone,1.65,Wednesday,2024-01-31,20:27:28,January,1,20,2024
2024-02-01 04:51:47,Market,3.3,Thursday,2024-02-01,04:51:47,February,2,4,2024
2024-02-02 14:49:56,Coffe,8.7,Friday,2024-02-02,14:49:56,February,2,14,2024
2024-02-02 16:41:02,Market,11.0,Friday,2024-02-02,16:41:02,February,2,16,2024
2024-02-03 09:25:58,Coffe,7.1,Saturday,2024-02-03,09:25:58,February,2,9,2024
2024-02-03 11:11:00,Coffe,7.2,Saturday,2024-02-03,11:11:00,February,2,11,2024
2024-02-03 15:10:47,Phone,3.0,Saturday,2024-02-03,15:10:47,February,2,15,2024
2024-02-03 19:00:27,Restuarant,70.0,Saturday,2024-02-03,19:00:27,February,2,19,2024
2024-02-04 04:49:35,Sport,20.0,Sunday,2024-02-04,04:49:35,February,2,4,2024
2024-02-04 06:24:58,Coffe,18.6,Sunday,2024-02-04,06:24:58,February,2,6,2024
2024-02-04 10:56:51,Coffe,8.7,Sunday,2024-02-04,10:56:51,February,2,10,2024
2024-02-04 14:00:56,Market,6.4,Sunday,2024-02-04,14:00:56,February,2,14,2024
2024-02-05 06:41:02,Phone,10.0,Monday,2024-02-05,06:41:02,February,2,6,2024
2024-02-05 09:16:42,Taxi,4.0,Monday,2024-02-05,09:16:42,February,2,9,2024
2024-02-05 14:18:56,Coffe,19.0,Monday,2024-02-05,14:18:56,February,2,14,2024
2024-02-06 04:47:02,Market,8.1,Tuesday,2024-02-06,04:47:02,February,2,4,2024
2024-02-06 09:54:22,Business lunch,10.0,Tuesday,2024-02-06,09:54:22,February,2,9,2024
2024-02-06 14:15:36,Coffe,8.7,Tuesday,2024-02-06,14:15:36,February,2,14,2024
2024-02-06 16:43:05,Market,10.0,Tuesday,2024-02-06,16:43:05,February,2,16,2024
2024-02-07 09:11:12,Market,0.5,Wednesday,2024-02-07,09:11:12,February,2,9,2024
2024-02-07 09:11:14,Coffe,8.7,Wednesday,2024-02-07,09:11:14,February,2,9,2024
2024-02-07 12:46:49,Coffe,19.0,Wednesday,2024-02-07,12:46:49,February,2,12,2024
2024-02-08 02:50:11,Transport,10.0,Thursday,2024-02-08,02:50:11,February,2,2,2024
2024-02-09 04:42:43,Market,3.05,Friday,2024-02-09,04:42:43,February,2,4,2024
2024-02-09 09:45:47,Market,2.0,Friday,2024-02-09,09:45:47,February,2,9,2024
2024-02-09 09:45:55,Business lunch,10.0,Friday,2024-02-09,09:45:55,February,2,9,2024
2024-02-10 10:33:30,Other,10.0,Saturday,2024-02-10,10:33:30,February,2,10,2024
2024-02-10 10:48:04,Market,20.0,Saturday,2024-02-10,10:48:04,February,2,10,2024
2024-02-10 13:59:34,Coffe,8.7,Saturday,2024-02-10,13:59:34,February,2,13,2024
2024-02-10 17:41:00,Restuarant,13.0,Saturday,2024-02-10,17:41:00,February,2,17,2024
2024-02-10 18:40:17,Market,11.0,Saturday,2024-02-10,18:40:17,February,2,18,2024
2024-02-11 05:36:05,Coffe,6.0,Sunday,2024-02-11,05:36:05,February,2,5,2024
2024-02-11 10:37:23,Restuarant,8.0,Sunday,2024-02-11,10:37:23,February,2,10,2024
2024-02-11 10:37:25,Taxi,4.0,Sunday,2024-02-11,10:37:25,February,2,10,2024
2024-02-11 10:37:29,Taxi,3.0,Sunday,2024-02-11,10:37:29,February,2,10,2024
2024-02-11 10:44:40,Coffe,8.7,Sunday,2024-02-11,10:44:40,February,2,10,2024
2024-02-12 03:41:36,Communal,159.0,Monday,2024-02-12,03:41:36,February,2,3,2024
2024-02-12 10:01:36,Market,5.0,Monday,2024-02-12,10:01:36,February,2,10,2024
2024-02-12 14:23:53,Coffe,8.7,Monday,2024-02-12,14:23:53,February,2,14,2024
2024-02-13 05:01:22,Market,2.15,Tuesday,2024-02-13,05:01:22,February,2,5,2024
2024-02-13 07:34:51,Business lunch,25.2,Tuesday,2024-02-13,07:34:51,February,2,7,2024
2024-02-13 07:35:41,Business lunch,1.0,Tuesday,2024-02-13,07:35:41,February,2,7,2024
2024-02-13 14:17:20,Coffe,7.3,Tuesday,2024-02-13,14:17:20,February,2,14,2024
2024-02-13 17:31:26,Market,3.28,Tuesday,2024-02-13,17:31:26,February,2,17,2024
2024-02-14 04:50:17,Market,4.5,Wednesday,2024-02-14,04:50:17,February,2,4,2024
2024-02-14 07:04:18,Business lunch,8.0,Wednesday,2024-02-14,07:04:18,February,2,7,2024
2024-02-14 14:20:34,Coffe,17.2,Wednesday,2024-02-14,14:20:34,February,2,14,2024
2024-02-15 04:50:22,Market,5.63,Thursday,2024-02-15,04:50:22,February,2,4,2024
2024-02-15 14:17:03,Coffe,8.7,Thursday,2024-02-15,14:17:03,February,2,14,2024
2024-02-15 17:17:30,Coffe,6.5,Thursday,2024-02-15,17:17:30,February,2,17,2024
2024-02-15 17:17:35,Business lunch,10.0,Thursday,2024-02-15,17:17:35,February,2,17,2024
2024-02-15 18:42:36,Market,4.4,Thursday,2024-02-15,18:42:36,February,2,18,2024
2024-02-16 07:18:23,Market,25.0,Friday,2024-02-16,07:18:23,February,2,7,2024
2024-02-16 14:25:49,Coffe,4.8,Friday,2024-02-16,14:25:49,February,2,14,2024
2024-02-17 03:19:23,Transport,10.0,Saturday,2024-02-17,03:19:23,February,2,3,2024
2024-02-17 05:15:31,Taxi,2.6,Saturday,2024-02-17,05:15:31,February,2,5,2024
2024-02-17 09:39:11,Coffe,15.3,Saturday,2024-02-17,09:39:11,February,2,9,2024
2024-02-17 14:59:59,Other,50.0,Saturday,2024-02-17,14:59:59,February,2,14,2024
2024-02-17 15:00:05,Restuarant,45.0,Saturday,2024-02-17,15:00:05,February,2,15,2024
2024-02-17 15:00:16,joy,7.3,Saturday,2024-02-17,15:00:16,February,2,15,2024
2024-02-18 09:19:04,Market,7.52,Sunday,2024-02-18,09:19:04,February,2,9,2024
2024-02-18 09:27:32,Other,10.0,Sunday,2024-02-18,09:27:32,February,2,9,2024
2024-02-18 11:49:28,Taxi,4.3,Sunday,2024-02-18,11:49:28,February,2,11,2024
2024-02-18 12:00:38,Coffe,7.3,Sunday,2024-02-18,12:00:38,February,2,12,2024
2024-02-18 12:00:40,Phone,3.0,Sunday,2024-02-18,12:00:40,February,2,12,2024
2024-02-18 13:43:17,Taxi,2.6,Sunday,2024-02-18,13:43:17,February,2,13,2024
2024-02-18 16:12:55,Restuarant,8.0,Sunday,2024-02-18,16:12:55,February,2,16,2024
2024-02-18 16:13:13,Market,12.5,Sunday,2024-02-18,16:13:13,February,2,16,2024
2024-02-19 04:51:27,Market,5.13,Monday,2024-02-19,04:51:27,February,2,4,2024
2024-02-19 09:36:45,Business lunch,10.0,Monday,2024-02-19,09:36:45,February,2,9,2024
2024-02-19 14:18:42,Coffe,7.3,Monday,2024-02-19,14:18:42,February,2,14,2024
2024-02-19 16:21:01,Phone,10.0,Monday,2024-02-19,16:21:01,February,2,16,2024
2024-02-20 09:57:11,Business lunch,10.0,Tuesday,2024-02-20,09:57:11,February,2,9,2024
2024-02-20 14:56:49,Market,3.7,Tuesday,2024-02-20,14:56:49,February,2,14,2024
2024-02-21 16:43:43,Taxi,6.7,Wednesday,2024-02-21,16:43:43,February,2,16,2024
2024-02-21 19:46:35,Restuarant,21.0,Wednesday,2024-02-21,19:46:35,February,2,19,2024
2024-02-22 07:57:33,Business lunch,8.0,Thursday,2024-02-22,07:57:33,February,2,7,2024
2024-02-22 09:07:20,Coffe,12.0,Thursday,2024-02-22,09:07:20,February,2,9,2024
2024-02-23 09:34:55,Business lunch,10.0,Friday,2024-02-23,09:34:55,February,2,9,2024
2024-02-23 09:45:10,Learning,10.0,Friday,2024-02-23,09:45:10,February,2,9,2024
2024-02-23 14:19:10,Coffe,9.0,Friday,2024-02-23,14:19:10,February,2,14,2024
2024-02-23 17:07:48,Market,15.0,Friday,2024-02-23,17:07:48,February,2,17,2024
2024-02-24 11:12:34,Coffe,8.7,Saturday,2024-02-24,11:12:34,February,2,11,2024
2024-02-24 12:57:01,Coffe,10.0,Saturday,2024-02-24,12:57:01,February,2,12,2024
2024-02-25 08:29:59,Coffe,7.5,Sunday,2024-02-25,08:29:59,February,2,8,2024
2024-02-25 11:39:07,Market,6.0,Sunday,2024-02-25,11:39:07,February,2,11,2024
2024-02-26 14:25:16,Coffe,9.5,Monday,2024-02-26,14:25:16,February,2,14,2024
2024-02-26 16:53:44,Market,21.0,Monday,2024-02-26,16:53:44,February,2,16,2024
2024-02-27 05:45:26,Market,5.0,Tuesday,2024-02-27,05:45:26,February,2,5,2024
2024-02-27 12:16:30,Business lunch,6.0,Tuesday,2024-02-27,12:16:30,February,2,12,2024
2024-02-27 15:30:17,Market,24.0,Tuesday,2024-02-27,15:30:17,February,2,15,2024
2024-02-27 16:51:23,Taxi,20.0,Tuesday,2024-02-27,16:51:23,February,2,16,2024
2024-02-27 16:51:29,Other,30.0,Tuesday,2024-02-27,16:51:29,February,2,16,2024
2024-02-28 08:06:19,Coffe,2.1,Wednesday,2024-02-28,08:06:19,February,2,8,2024
2024-02-28 10:10:41,Restuarant,12.5,Wednesday,2024-02-28,10:10:41,February,2,10,2024
2024-02-28 21:22:59,joy,24.0,Wednesday,2024-02-28,21:22:59,February,2,21,2024
2024-02-28 21:23:12,Restuarant,20.0,Wednesday,2024-02-28,21:23:12,February,2,21,2024
2024-02-29 09:29:17,Restuarant,15.0,Thursday,2024-02-29,09:29:17,February,2,9,2024
2024-02-29 12:42:41,Coffe,2.1,Thursday,2024-02-29,12:42:41,February,2,12,2024
2024-02-29 14:26:56,Fuel,15.0,Thursday,2024-02-29,14:26:56,February,2,14,2024
2024-02-29 16:06:38,Health,2.2,Thursday,2024-02-29,16:06:38,February,2,16,2024
2024-02-29 16:06:40,Coffe,1.0,Thursday,2024-02-29,16:06:40,February,2,16,2024
2024-03-01 12:19:48,Restuarant,24.15,Friday,2024-03-01,12:19:48,March,3,12,2024
2024-03-01 13:52:00,Phone,13.0,Friday,2024-03-01,13:52:00,March,3,13,2024
2024-03-01 14:01:28,Fuel,10.0,Friday,2024-03-01,14:01:28,March,3,14,2024
2024-03-01 19:53:30,Restuarant,38.0,Friday,2024-03-01,19:53:30,March,3,19,2024
2024-03-02 07:23:39,Transport,10.0,Saturday,2024-03-02,07:23:39,March,3,7,2024
2024-03-02 08:09:03,Coffe,8.7,Saturday,2024-03-02,08:09:03,March,3,8,2024
2024-03-02 10:51:26,Restuarant,5.6,Saturday,2024-03-02,10:51:26,March,3,10,2024
2024-03-02 10:51:31,Sport,20.0,Saturday,2024-03-02,10:51:31,March,3,10,2024
2024-03-02 13:13:13,Market,9.0,Saturday,2024-03-02,13:13:13,March,3,13,2024
2024-03-03 07:03:19,Other,10.0,Sunday,2024-03-03,07:03:19,March,3,7,2024
2024-03-03 08:54:53,Coffe,8.7,Sunday,2024-03-03,08:54:53,March,3,8,2024
2024-03-03 11:02:06,Coffe,7.2,Sunday,2024-03-03,11:02:06,March,3,11,2024
2024-03-03 15:45:38,Market,11.0,Sunday,2024-03-03,15:45:38,March,3,15,2024
2024-03-04 06:33:53,Business lunch,5.4,Monday,2024-03-04,06:33:53,March,3,6,2024
2024-03-04 10:02:49,Market,6.28,Monday,2024-03-04,10:02:49,March,3,10,2024
2024-03-04 11:53:09,Phone,3.0,Monday,2024-03-04,11:53:09,March,3,11,2024
2024-03-04 14:23:46,Events,30.0,Monday,2024-03-04,14:23:46,March,3,14,2024
2024-03-04 17:24:29,Restuarant,102.0,Monday,2024-03-04,17:24:29,March,3,17,2024
2024-03-04 18:36:04,Market,19.0,Monday,2024-03-04,18:36:04,March,3,18,2024
2024-03-05 09:32:27,Business lunch,11.0,Tuesday,2024-03-05,09:32:27,March,3,9,2024
2024-03-05 19:25:08,Restuarant,8.0,Tuesday,2024-03-05,19:25:08,March,3,19,2024
2024-03-05 19:39:25,Health,3.0,Tuesday,2024-03-05,19:39:25,March,3,19,2024
2024-03-06 07:55:59,Business lunch,14.0,Wednesday,2024-03-06,07:55:59,March,3,7,2024
2024-03-06 09:47:37,Coffe,13.0,Wednesday,2024-03-06,09:47:37,March,3,9,2024
2024-03-06 15:01:39,Market,2.0,Wednesday,2024-03-06,15:01:39,March,3,15,2024
2024-03-06 19:48:48,Restuarant,84.0,Wednesday,2024-03-06,19:48:48,March,3,19,2024
2024-03-07 04:56:27,Market,20.0,Thursday,2024-03-07,04:56:27,March,3,4,2024
2024-03-07 06:01:34,Business lunch,17.0,Thursday,2024-03-07,06:01:34,March,3,6,2024
2024-03-07 09:01:25,Coffe,10.0,Thursday,2024-03-07,09:01:25,March,3,9,2024
2024-03-07 14:43:30,Market,5.44,Thursday,2024-03-07,14:43:30,March,3,14,2024
2024-03-06 21:24:51,Coffe,7.0,Wednesday,2024-03-06,21:24:51,March,3,21,2024
2024-03-06 21:24:00,Restuarant,33.0,Wednesday,2024-03-06,21:24:00,March,3,21,2024
2024-03-08 09:33:38,Coffe,8.7,Friday,2024-03-08,09:33:38,March,3,9,2024
2024-03-08 13:08:53,Coffe,11.0,Friday,2024-03-08,13:08:53,March,3,13,2024
2024-03-08 14:24:42,Market,5.0,Friday,2024-03-08,14:24:42,March,3,14,2024
2024-03-09 12:59:23,Coffe,8.7,Saturday,2024-03-09,12:59:23,March,3,12,2024
2024-03-09 12:59:25,Restuarant,29.0,Saturday,2024-03-09,12:59:25,March,3,12,2024
2024-03-08 20:41:00,Restuarant,15.0,Friday,2024-03-08,20:41:00,March,3,20,2024
2024-03-10 09:08:24,Communal,150.0,Sunday,2024-03-10,09:08:24,March,3,9,2024
2024-03-10 14:35:09,Transport,10.0,Sunday,2024-03-10,14:35:09,March,3,14,2024
2024-03-10 14:43:34,Restuarant,23.0,Sunday,2024-03-10,14:43:34,March,3,14,2024
2024-03-10 15:09:42,Learning,1.3,Sunday,2024-03-10,15:09:42,March,3,15,2024
2024-03-11 17:32:57,Restuarant,11.0,Monday,2024-03-11,17:32:57,March,3,17,2024
2024-03-11 18:33:16,Market,6.0,Monday,2024-03-11,18:33:16,March,3,18,2024
2024-03-12 15:43:01,Coffe,8.0,Tuesday,2024-03-12,15:43:01,March,3,15,2024
2024-03-12 17:34:19,Market,13.0,Tuesday,2024-03-12,17:34:19,March,3,17,2024
2024-03-13 15:11:04,Coffe,16.0,Wednesday,2024-03-13,15:11:04,March,3,15,2024
2024-03-13 17:56:12,Taxi,2.6,Wednesday,2024-03-13,17:56:12,March,3,17,2024
2024-03-13 17:56:17,Events,4.5,Wednesday,2024-03-13,17:56:17,March,3,17,2024
2024-03-13 20:44:59,Restuarant,55.0,Wednesday,2024-03-13,20:44:59,March,3,20,2024
2024-03-14 17:44:52,Restuarant,14.0,Thursday,2024-03-14,17:44:52,March,3,17,2024
2024-03-15 15:42:53,Coffe,16.0,Friday,2024-03-15,15:42:53,March,3,15,2024
2024-03-15 18:20:57,Market,12.0,Friday,2024-03-15,18:20:57,March,3,18,2024
2024-03-16 10:47:26,Other,10.0,Saturday,2024-03-16,10:47:26,March,3,10,2024
2024-03-16 12:32:12,Market,3.2,Saturday,2024-03-16,12:32:12,March,3,12,2024
2024-03-16 16:06:49,Coffe,8.7,Saturday,2024-03-16,16:06:49,March,3,16,2024
2024-03-16 18:12:21,Coffe,16.0,Saturday,2024-03-16,18:12:21,March,3,18,2024
2024-03-16 19:31:44,Other,1.8,Saturday,2024-03-16,19:31:44,March,3,19,2024
2024-03-17 14:56:08,Coffe,17.0,Sunday,2024-03-17,14:56:08,March,3,14,2024
2024-03-17 18:23:15,Market,2.0,Sunday,2024-03-17,18:23:15,March,3,18,2024
2024-03-17 18:41:04,Market,4.5,Sunday,2024-03-17,18:41:04,March,3,18,2024
2024-03-18 10:06:35,Transport,10.0,Monday,2024-03-18,10:06:35,March,3,10,2024
2024-03-19 14:36:22,Market,46.0,Tuesday,2024-03-19,14:36:22,March,3,14,2024
2024-03-20 18:38:50,Taxi,5.0,Wednesday,2024-03-20,18:38:50,March,3,18,2024
2024-03-20 21:14:30,Market,13.0,Wednesday,2024-03-20,21:14:30,March,3,21,2024
2024-03-22 16:16:08,Coffe,8.7,Friday,2024-03-22,16:16:08,March,3,16,2024
2024-03-22 16:16:10,Restuarant,11.0,Friday,2024-03-22,16:16:10,March,3,16,2024
2024-03-22 18:52:10,Market,3.5,Friday,2024-03-22,18:52:10,March,3,18,2024
2024-03-23 15:51:56,Coffe,18.0,Saturday,2024-03-23,15:51:56,March,3,15,2024
2024-03-23 17:55:37,Market,5.0,Saturday,2024-03-23,17:55:37,March,3,17,2024
2024-03-24 15:51:10,Restuarant,10.0,Sunday,2024-03-24,15:51:10,March,3,15,2024
2024-03-24 16:35:11,Coffe,10.7,Sunday,2024-03-24,16:35:11,March,3,16,2024
2024-03-24 20:35:46,Market,6.31,Sunday,2024-03-24,20:35:46,March,3,20,2024
2024-03-27 15:28:48,Coffe,6.5,Wednesday,2024-03-27,15:28:48,March,3,15,2024
2024-03-28 14:23:22,Learning,3.0,Thursday,2024-03-28,14:23:22,March,3,14,2024
2024-03-29 13:45:17,Events,10.0,Friday,2024-03-29,13:45:17,March,3,13,2024
2024-03-29 14:32:58,Events,50.0,Friday,2024-03-29,14:32:58,March,3,14,2024
2024-03-29 16:01:07,Market,6.5,Friday,2024-03-29,16:01:07,March,3,16,2024
2024-03-30 14:26:07,Clothing,45.0,Saturday,2024-03-30,14:26:07,March,3,14,2024
2024-03-30 18:08:08,Restuarant,33.0,Saturday,2024-03-30,18:08:08,March,3,18,2024
2024-03-30 20:35:07,Restuarant,20.0,Saturday,2024-03-30,20:35:07,March,3,20,2024
2024-03-31 11:07:57,Learning,50.0,Sunday,2024-03-31,11:07:57,March,3,11,2024
2024-03-31 11:08:21,Other,10.0,Sunday,2024-03-31,11:08:21,March,3,11,2024
2024-03-31 13:20:45,Transport,10.0,Sunday,2024-03-31,13:20:45,March,3,13,2024
2024-03-31 13:20:48,Market,20.0,Sunday,2024-03-31,13:20:48,March,3,13,2024
2024-03-31 13:24:21,Communal,30.0,Sunday,2024-03-31,13:24:21,March,3,13,2024
2024-03-31 13:24:28,Sport,20.0,Sunday,2024-03-31,13:24:28,March,3,13,2024
2024-03-31 15:39:46,Market,0.5,Sunday,2024-03-31,15:39:46,March,3,15,2024
2024-03-31 15:57:58,Coffe,18.0,Sunday,2024-03-31,15:57:58,March,3,15,2024
2024-03-31 18:13:40,Taxi,3.0,Sunday,2024-03-31,18:13:40,March,3,18,2024
2024-03-31 20:20:03,Market,15.0,Sunday,2024-03-31,20:20:03,March,3,20,2024
2024-03-31 23:07:37,Phone,10.0,Sunday,2024-03-31,23:07:37,March,3,23,2024
2024-04-01 17:45:28,Learning,200.0,Monday,2024-04-01,17:45:28,April,4,17,2024
2024-04-02 08:20:20,Phone,3.0,Tuesday,2024-04-02,08:20:20,April,4,8,2024
2024-04-02 14:26:00,Market,15.65,Tuesday,2024-04-02,14:26:00,April,4,14,2024
2024-04-03 15:21:39,Coffe,10.7,Wednesday,2024-04-03,15:21:39,April,4,15,2024
2024-04-03 17:59:51,Market,9.52,Wednesday,2024-04-03,17:59:51,April,4,17,2024
2024-04-04 14:22:38,Learning,11.0,Thursday,2024-04-04,14:22:38,April,4,14,2024
2024-04-04 14:36:53,Market,3.2,Thursday,2024-04-04,14:36:53,April,4,14,2024
2024-04-05 14:25:13,Market,22.0,Friday,2024-04-05,14:25:13,April,4,14,2024
2024-04-06 09:04:16,Market,6.7,Saturday,2024-04-06,09:04:16,April,4,9,2024
2024-04-06 15:43:51,Coffe,10.7,Saturday,2024-04-06,15:43:51,April,4,15,2024
2024-04-06 16:22:34,Taxi,3.0,Saturday,2024-04-06,16:22:34,April,4,16,2024
2024-04-06 18:45:49,Restuarant,30.0,Saturday,2024-04-06,18:45:49,April,4,18,2024
2024-04-07 11:26:47,Other,10.0,Sunday,2024-04-07,11:26:47,April,4,11,2024
2024-04-07 14:23:21,Phone,7.0,Sunday,2024-04-07,14:23:21,April,4,14,2024
2024-04-07 14:26:01,Coffe,5.5,Sunday,2024-04-07,14:26:01,April,4,14,2024
2024-04-07 15:48:25,Taxi,5.5,Sunday,2024-04-07,15:48:25,April,4,15,2024
2024-04-07 21:37:51,Restuarant,116.0,Sunday,2024-04-07,21:37:51,April,4,21,2024
2024-04-08 05:17:39,Taxi,8.6,Monday,2024-04-08,05:17:39,April,4,5,2024
2024-04-08 05:17:40,Phone,1.0,Monday,2024-04-08,05:17:40,April,4,5,2024
2024-04-08 14:36:03,Market,6.4,Monday,2024-04-08,14:36:03,April,4,14,2024
2024-04-09 13:33:45,Other,5.0,Tuesday,2024-04-09,13:33:45,April,4,13,2024
2024-04-09 15:42:57,Taxi,2.5,Tuesday,2024-04-09,15:42:57,April,4,15,2024
2024-04-10 19:15:29,Taxi,2.5,Wednesday,2024-04-10,19:15:29,April,4,19,2024
2024-04-10 19:15:53,Coffe,20.0,Wednesday,2024-04-10,19:15:53,April,4,19,2024
2024-04-11 10:34:11,Coffe,18.0,Thursday,2024-04-11,10:34:11,April,4,10,2024
2024-04-11 15:00:05,Coffe,7.1,Thursday,2024-04-11,15:00:05,April,4,15,2024
2024-04-11 17:46:39,Transport,10.0,Thursday,2024-04-11,17:46:39,April,4,17,2024
2024-04-11 17:46:49,Restuarant,31.0,Thursday,2024-04-11,17:46:49,April,4,17,2024
2024-04-11 18:19:29,Market,13.0,Thursday,2024-04-11,18:19:29,April,4,18,2024
2024-04-12 15:03:56,Coffe,11.5,Friday,2024-04-12,15:03:56,April,4,15,2024
2024-04-13 09:27:57,Coffe,12.0,Saturday,2024-04-13,09:27:57,April,4,9,2024
2024-04-13 12:08:16,Coffe,10.7,Saturday,2024-04-13,12:08:16,April,4,12,2024
2024-04-13 15:05:22,Coffe,20.0,Saturday,2024-04-13,15:05:22,April,4,15,2024
2024-04-14 10:29:36,Coffe,10.7,Sunday,2024-04-14,10:29:36,April,4,10,2024
2024-04-14 12:24:09,Coffe,10.7,Sunday,2024-04-14,12:24:09,April,4,12,2024
2024-04-15 14:48:10,Business lunch,12.0,Monday,2024-04-15,14:48:10,April,4,14,2024
2024-04-15 17:41:32,Coffe,7.0,Monday,2024-04-15,17:41:32,April,4,17,2024
2024-04-15 18:03:27,Market,3.3,Monday,2024-04-15,18:03:27,April,4,18,2024
2024-04-16 04:56:42,Market,12.0,Tuesday,2024-04-16,04:56:42,April,4,4,2024
2024-04-16 11:47:17,Business lunch,12.0,Tuesday,2024-04-16,11:47:17,April,4,11,2024
2024-04-16 14:20:10,Coffe,10.7,Tuesday,2024-04-16,14:20:10,April,4,14,2024
2024-04-17 04:19:47,Coffe,4.08,Wednesday,2024-04-17,04:19:47,April,4,4,2024
2024-04-17 09:54:50,Business lunch,10.0,Wednesday,2024-04-17,09:54:50,April,4,9,2024
2024-04-17 09:54:55,Learning,17.0,Wednesday,2024-04-17,09:54:55,April,4,9,2024
2024-04-17 14:09:17,Coffe,11.5,Wednesday,2024-04-17,14:09:17,April,4,14,2024
2024-04-17 18:09:27,Market,3.0,Wednesday,2024-04-17,18:09:27,April,4,18,2024
2024-04-17 18:09:32,Other,15.0,Wednesday,2024-04-17,18:09:32,April,4,18,2024
2024-04-18 04:28:30,Market,7.3,Thursday,2024-04-18,04:28:30,April,4,4,2024
2024-04-18 11:39:39,Coffe,11.5,Thursday,2024-04-18,11:39:39,April,4,11,2024
2024-04-19 03:58:33,Coffe,5.6,Friday,2024-04-19,03:58:33,April,4,3,2024
2024-04-19 09:57:10,Restuarant,10.0,Friday,2024-04-19,09:57:10,April,4,9,2024
2024-04-19 09:57:12,Clothing,39.0,Friday,2024-04-19,09:57:12,April,4,9,2024
2024-04-19 14:12:45,Taxi,6.0,Friday,2024-04-19,14:12:45,April,4,14,2024
2024-04-19 14:19:58,Coffe,8.2,Friday,2024-04-19,14:19:58,April,4,14,2024
2024-04-19 18:10:37,Taxi,4.3,Friday,2024-04-19,18:10:37,April,4,18,2024
2024-04-19 18:28:32,Market,7.0,Friday,2024-04-19,18:28:32,April,4,18,2024
2024-04-20 11:11:59,Coffe,18.0,Saturday,2024-04-20,11:11:59,April,4,11,2024
2024-04-20 11:12:04,Coffe,11.0,Saturday,2024-04-20,11:12:04,April,4,11,2024
2024-04-21 03:18:34,Market,3.0,Sunday,2024-04-21,03:18:34,April,4,3,2024
2024-04-21 05:10:42,Coffe,19.0,Sunday,2024-04-21,05:10:42,April,4,5,2024
2024-04-21 09:15:55,Coffe,11.5,Sunday,2024-04-21,09:15:55,April,4,9,2024
2024-04-21 13:53:59,Taxi,10.0,Sunday,2024-04-21,13:53:59,April,4,13,2024
2024-04-21 13:55:46,Restuarant,52.0,Sunday,2024-04-21,13:55:46,April,4,13,2024
2024-04-21 03:11:00,Events,100.0,Sunday,2024-04-21,03:11:00,April,4,3,2024
2024-04-22 10:18:04,Business lunch,10.0,Monday,2024-04-22,10:18:04,April,4,10,2024
2024-04-22 14:34:40,Market,0.5,Monday,2024-04-22,14:34:40,April,4,14,2024
2024-04-23 02:34:04,Transport,10.0,Tuesday,2024-04-23,02:34:04,April,4,2,2024
2024-04-23 04:21:51,Coffe,5.6,Tuesday,2024-04-23,04:21:51,April,4,4,2024
2024-04-23 05:05:22,Market,7.14,Tuesday,2024-04-23,05:05:22,April,4,5,2024
2024-04-23 06:30:10,Taxi,2.5,Tuesday,2024-04-23,06:30:10,April,4,6,2024
2024-04-23 09:50:17,Restuarant,13.2,Tuesday,2024-04-23,09:50:17,April,4,9,2024
2024-04-23 14:26:26,Coffe,11.0,Tuesday,2024-04-23,14:26:26,April,4,14,2024
2024-04-23 15:16:56,Coffe,11.5,Tuesday,2024-04-23,15:16:56,April,4,15,2024
2024-04-23 18:56:01,Taxi,8.5,Tuesday,2024-04-23,18:56:01,April,4,18,2024
2024-04-24 04:55:09,Market,9.0,Wednesday,2024-04-24,04:55:09,April,4,4,2024
2024-04-24 09:53:05,Business lunch,10.0,Wednesday,2024-04-24,09:53:05,April,4,9,2024
2024-04-24 09:59:14,Learning,26.0,Wednesday,2024-04-24,09:59:14,April,4,9,2024
2024-04-24 14:34:33,Coffe,11.5,Wednesday,2024-04-24,14:34:33,April,4,14,2024
2024-04-24 18:30:08,Market,5.0,Wednesday,2024-04-24,18:30:08,April,4,18,2024
2024-04-25 04:57:09,Market,2.4,Thursday,2024-04-25,04:57:09,April,4,4,2024
2024-04-25 10:03:08,Market,8.3,Thursday,2024-04-25,10:03:08,April,4,10,2024
2024-04-25 18:23:51,Market,4.8,Thursday,2024-04-25,18:23:51,April,4,18,2024
2024-04-26 05:04:10,Market,4.5,Friday,2024-04-26,05:04:10,April,4,5,2024
2024-04-26 09:55:49,Business lunch,6.0,Friday,2024-04-26,09:55:49,April,4,9,2024
2024-04-26 13:20:05,Learning,1.0,Friday,2024-04-26,13:20:05,April,4,13,2024
2024-04-26 13:20:07,Market,1.0,Friday,2024-04-26,13:20:07,April,4,13,2024
2024-04-26 16:35:57,Phone,3.0,Friday,2024-04-26,16:35:57,April,4,16,2024
2024-04-27 04:41:21,Coffe,8.4,Saturday,2024-04-27,04:41:21,April,4,4,2024
2024-04-27 10:24:37,Restuarant,50.0,Saturday,2024-04-27,10:24:37,April,4,10,2024
2024-04-27 12:20:01,Coffe,8.4,Saturday,2024-04-27,12:20:01,April,4,12,2024
2024-04-27 12:53:45,Market,1.0,Saturday,2024-04-27,12:53:45,April,4,12,2024
2024-04-27 13:07:00,Other,2.0,Saturday,2024-04-27,13:07:00,April,4,13,2024
2024-04-27 16:59:11,Market,20.0,Saturday,2024-04-27,16:59:11,April,4,16,2024
2024-04-27 17:54:37,Market,3.59,Saturday,2024-04-27,17:54:37,April,4,17,2024
2024-04-28 04:32:56,Market,0.5,Sunday,2024-04-28,04:32:56,April,4,4,2024
2024-04-28 04:32:58,Coffe,8.6,Sunday,2024-04-28,04:32:58,April,4,4,2024
2024-04-28 10:44:28,Coffe,10.6,Sunday,2024-04-28,10:44:28,April,4,10,2024
2024-04-28 12:43:11,Coffe,10.0,Sunday,2024-04-28,12:43:11,April,4,12,2024
2024-04-28 19:29:01,Market,6.0,Sunday,2024-04-28,19:29:01,April,4,19,2024
2024-04-28 19:29:04,Restuarant,50.0,Sunday,2024-04-28,19:29:04,April,4,19,2024
2024-04-29 04:10:33,Coffe,5.6,Monday,2024-04-29,04:10:33,April,4,4,2024
2024-04-29 06:18:58,Restuarant,8.26,Monday,2024-04-29,06:18:58,April,4,6,2024
2024-04-29 09:13:14,Phone,10.0,Monday,2024-04-29,09:13:14,April,4,9,2024
2024-04-29 09:13:19,Business lunch,10.0,Monday,2024-04-29,09:13:19,April,4,9,2024
2024-04-29 10:07:27,Events,100.0,Monday,2024-04-29,10:07:27,April,4,10,2024
2024-04-29 11:08:23,Learning,1.0,Monday,2024-04-29,11:08:23,April,4,11,2024
2024-04-29 11:08:25,Market,3.0,Monday,2024-04-29,11:08:25,April,4,11,2024
2024-04-29 13:53:22,Taxi,5.5,Monday,2024-04-29,13:53:22,April,4,13,2024
2024-04-28 22:06:17,Events,11.0,Sunday,2024-04-28,22:06:17,April,4,22,2024
2024-04-28 22:07:00,Restuarant,18.0,Sunday,2024-04-28,22:07:00,April,4,22,2024
2024-04-30 05:49:01,Restuarant,8.26,Tuesday,2024-04-30,05:49:01,April,4,5,2024
2024-04-30 19:58:00,Restuarant,63.0,Tuesday,2024-04-30,19:58:00,April,4,19,2024
2024-05-01 06:29:58,Restuarant,8.26,Wednesday,2024-05-01,06:29:58,May,5,6,2024
2024-05-01 12:38:25,Restuarant,14.0,Wednesday,2024-05-01,12:38:25,May,5,12,2024
2024-05-01 14:32:32,Coffe,8.4,Wednesday,2024-05-01,14:32:32,May,5,14,2024
2024-05-02 05:40:45,Business lunch,8.26,Thursday,2024-05-02,05:40:45,May,5,5,2024
2024-05-02 07:52:00,Sport,103.0,Thursday,2024-05-02,07:52:00,May,5,7,2024
2024-05-02 11:11:29,Restuarant,9.28,Thursday,2024-05-02,11:11:29,May,5,11,2024
2024-05-02 14:16:51,Coffe,8.0,Thursday,2024-05-02,14:16:51,May,5,14,2024
2024-05-02 19:52:31,Taxi,4.0,Thursday,2024-05-02,19:52:31,May,5,19,2024
2024-05-02 18:12:00,Restuarant,35.0,Thursday,2024-05-02,18:12:00,May,5,18,2024
2024-05-03 06:58:36,Phone,5.0,Friday,2024-05-03,06:58:36,May,5,6,2024
2024-05-03 10:21:13,Taxi,3.3,Friday,2024-05-03,10:21:13,May,5,10,2024
2024-05-03 10:21:17,Taxi,4.0,Friday,2024-05-03,10:21:17,May,5,10,2024
2024-05-03 11:26:45,Taxi,5.8,Friday,2024-05-03,11:26:45,May,5,11,2024
2024-05-03 11:39:23,Restuarant,5.6,Friday,2024-05-03,11:39:23,May,5,11,2024
2024-05-03 13:23:43,Coffe,7.6,Friday,2024-05-03,13:23:43,May,5,13,2024
2024-05-03 14:34:15,Market,17.0,Friday,2024-05-03,14:34:15,May,5,14,2024
2024-05-03 17:12:49,Health,6.4,Friday,2024-05-03,17:12:49,May,5,17,2024
2024-05-03 17:12:52,Health,2100.0,Friday,2024-05-03,17:12:52,May,5,17,2024
2024-05-03 17:13:35,Market,3.3,Friday,2024-05-03,17:13:35,May,5,17,2024
2024-05-04 07:55:57,Coffe,7.6,Saturday,2024-05-04,07:55:57,May,5,7,2024
2024-05-04 10:55:59,Coffe,7.6,Saturday,2024-05-04,10:55:59,May,5,10,2024
2024-05-04 17:24:46,Restuarant,29.0,Saturday,2024-05-04,17:24:46,May,5,17,2024
2024-05-04 17:24:48,Taxi,3.0,Saturday,2024-05-04,17:24:48,May,5,17,2024
2024-05-04 17:55:01,Other,5.0,Saturday,2024-05-04,17:55:01,May,5,17,2024
2024-05-03 20:39:00,Restuarant,14.0,Friday,2024-05-03,20:39:00,May,5,20,2024
2024-05-05 06:34:47,Coffe,7.6,Sunday,2024-05-05,06:34:47,May,5,6,2024
2024-05-05 11:41:00,Market,4.0,Sunday,2024-05-05,11:41:00,May,5,11,2024
2024-05-05 13:23:27,Learning,9.8,Sunday,2024-05-05,13:23:27,May,5,13,2024
2024-05-05 17:27:21,Market,5.0,Sunday,2024-05-05,17:27:21,May,5,17,2024
2024-05-06 04:49:23,Market,6.3,Monday,2024-05-06,04:49:23,May,5,4,2024
2024-05-06 09:52:27,Business lunch,10.0,Monday,2024-05-06,09:52:27,May,5,9,2024
2024-05-06 12:44:57,Transport,5.0,Monday,2024-05-06,12:44:57,May,5,12,2024
2024-05-06 16:28:35,Taxi,3.5,Monday,2024-05-06,16:28:35,May,5,16,2024
2024-05-06 19:06:44,Restuarant,62.0,Monday,2024-05-06,19:06:44,May,5,19,2024
2024-05-07 04:59:48,Market,6.2,Tuesday,2024-05-07,04:59:48,May,5,4,2024
2024-05-07 11:54:37,Restuarant,14.1,Tuesday,2024-05-07,11:54:37,May,5,11,2024
2024-05-07 11:59:13,Restuarant,6.8,Tuesday,2024-05-07,11:59:13,May,5,11,2024
2024-05-07 14:36:43,Coffe,7.6,Tuesday,2024-05-07,14:36:43,May,5,14,2024
2024-05-08 05:01:42,Market,6.52,Wednesday,2024-05-08,05:01:42,May,5,5,2024
2024-05-08 10:05:56,Business lunch,10.0,Wednesday,2024-05-08,10:05:56,May,5,10,2024
2024-05-08 14:28:26,Coffe,7.6,Wednesday,2024-05-08,14:28:26,May,5,14,2024
2024-05-08 17:17:55,Learning,36.0,Wednesday,2024-05-08,17:17:55,May,5,17,2024
2024-05-08 17:25:26,Learning,6.0,Wednesday,2024-05-08,17:25:26,May,5,17,2024
2024-05-09 06:54:22,Coffe,7.1,Thursday,2024-05-09,06:54:22,May,5,6,2024
2024-05-09 13:23:13,Restuarant,31.0,Thursday,2024-05-09,13:23:13,May,5,13,2024
2024-05-09 15:35:21,Coffe,11.0,Thursday,2024-05-09,15:35:21,May,5,15,2024
2024-05-09 19:20:00,Market,9.9,Thursday,2024-05-09,19:20:00,May,5,19,2024
2024-05-10 03:11:28,Market,6.6,Friday,2024-05-10,03:11:28,May,5,3,2024
2024-05-10 06:24:04,Business lunch,5.4,Friday,2024-05-10,06:24:04,May,5,6,2024
2024-05-10 14:32:13,Taxi,6.0,Friday,2024-05-10,14:32:13,May,5,14,2024
2024-05-10 09:32:00,Business lunch,10.0,Friday,2024-05-10,09:32:00,May,5,9,2024
2024-05-10 16:43:42,Other,3.5,Friday,2024-05-10,16:43:42,May,5,16,2024
2024-05-11 06:54:41,Communal,150.0,Saturday,2024-05-11,06:54:41,May,5,6,2024
2024-05-11 06:54:46,Market,3.9,Saturday,2024-05-11,06:54:46,May,5,6,2024
2024-05-11 07:06:55,Coffe,7.1,Saturday,2024-05-11,07:06:55,May,5,7,2024
2024-05-10 15:39:00,Restuarant,35.0,Friday,2024-05-10,15:39:00,May,5,15,2024
2024-05-11 12:45:33,Restuarant,5.6,Saturday,2024-05-11,12:45:33,May,5,12,2024
2024-05-11 14:34:13,Other,10.0,Saturday,2024-05-11,14:34:13,May,5,14,2024
2024-05-12 04:16:34,Sport,20.0,Sunday,2024-05-12,04:16:34,May,5,4,2024
2024-05-12 04:47:50,Coffe,7.1,Sunday,2024-05-12,04:47:50,May,5,4,2024
2024-05-12 09:27:29,Restuarant,44.0,Sunday,2024-05-12,09:27:29,May,5,9,2024
2024-05-12 11:09:18,Restuarant,22.0,Sunday,2024-05-12,11:09:18,May,5,11,2024
2024-05-12 11:09:24,Other,5.0,Sunday,2024-05-12,11:09:24,May,5,11,2024
2024-05-12 15:07:43,Market,16.0,Sunday,2024-05-12,15:07:43,May,5,15,2024
2024-05-13 04:10:27,Market,4.4,Monday,2024-05-13,04:10:27,May,5,4,2024
2024-05-13 06:49:21,Health,70.0,Monday,2024-05-13,06:49:21,May,5,6,2024
2024-05-13 09:38:03,Business lunch,10.0,Monday,2024-05-13,09:38:03,May,5,9,2024
2024-05-13 09:47:14,Market,5.0,Monday,2024-05-13,09:47:14,May,5,9,2024
2024-05-13 14:33:17,Market,6.18,Monday,2024-05-13,14:33:17,May,5,14,2024
2024-05-13 15:48:25,Taxi,2.5,Monday,2024-05-13,15:48:25,May,5,15,2024
2024-05-13 19:06:58,Restuarant,31.0,Monday,2024-05-13,19:06:58,May,5,19,2024
2024-05-14 04:37:39,Market,8.55,Tuesday,2024-05-14,04:37:39,May,5,4,2024
2024-05-14 12:20:17,Business lunch,11.0,Tuesday,2024-05-14,12:20:17,May,5,12,2024
2024-05-15 04:26:54,Market,4.8,Wednesday,2024-05-15,04:26:54,May,5,4,2024
2024-05-15 06:39:07,Market,5.4,Wednesday,2024-05-15,06:39:07,May,5,6,2024
2024-05-15 09:42:54,Business lunch,10.0,Wednesday,2024-05-15,09:42:54,May,5,9,2024
2024-05-15 14:19:28,Coffe,7.6,Wednesday,2024-05-15,14:19:28,May,5,14,2024
2024-05-15 18:09:36,Market,6.5,Wednesday,2024-05-15,18:09:36,May,5,18,2024
2024-05-16 04:24:55,Market,5.27,Thursday,2024-05-16,04:24:55,May,5,4,2024
2024-05-16 07:17:06,Business lunch,9.0,Thursday,2024-05-16,07:17:06,May,5,7,2024
2024-05-16 09:01:17,Coffe,9.5,Thursday,2024-05-16,09:01:17,May,5,9,2024
2024-05-16 14:26:25,Coffe,7.6,Thursday,2024-05-16,14:26:25,May,5,14,2024
2024-05-16 17:07:36,Other,100.0,Thursday,2024-05-16,17:07:36,May,5,17,2024
2024-05-16 18:59:27,Market,3.14,Thursday,2024-05-16,18:59:27,May,5,18,2024
2024-05-17 04:20:52,Coffe,7.35,Friday,2024-05-17,04:20:52,May,5,4,2024
2024-05-17 07:27:15,Business lunch,11.0,Friday,2024-05-17,07:27:15,May,5,7,2024
2024-05-17 09:51:16,Phone,5.0,Friday,2024-05-17,09:51:16,May,5,9,2024
2024-05-17 09:52:43,Market,6.3,Friday,2024-05-17,09:52:43,May,5,9,2024
2024-05-18 08:45:29,Market,0.8,Saturday,2024-05-18,08:45:29,May,5,8,2024
2024-05-18 09:05:36,Coffe,7.6,Saturday,2024-05-18,09:05:36,May,5,9,2024
2024-05-18 10:35:24,Coffe,7.2,Saturday,2024-05-18,10:35:24,May,5,10,2024
2024-05-18 12:10:40,Coffe,8.4,Saturday,2024-05-18,12:10:40,May,5,12,2024
2024-05-19 09:26:04,Restuarant,48.0,Sunday,2024-05-19,09:26:04,May,5,9,2024
2024-05-19 09:50:07,Coffe,7.6,Sunday,2024-05-19,09:50:07,May,5,9,2024
2024-05-19 10:08:30,Learning,25.0,Sunday,2024-05-19,10:08:30,May,5,10,2024
2024-05-19 12:26:22,Restuarant,5.6,Sunday,2024-05-19,12:26:22,May,5,12,2024
2024-05-19 12:36:49,Learning,19.0,Sunday,2024-05-19,12:36:49,May,5,12,2024
2024-05-19 12:41:03,Health,3.8,Sunday,2024-05-19,12:41:03,May,5,12,2024
2024-05-19 14:05:54,Transport,10.0,Sunday,2024-05-19,14:05:54,May,5,14,2024
2024-05-19 14:10:43,Market,11.0,Sunday,2024-05-19,14:10:43,May,5,14,2024
2024-05-19 14:14:15,Coffe,7.35,Sunday,2024-05-19,14:14:15,May,5,14,2024
2024-05-19 16:57:05,Market,2.0,Sunday,2024-05-19,16:57:05,May,5,16,2024
2024-05-20 08:29:31,Taxi,2.6,Monday,2024-05-20,08:29:31,May,5,8,2024
2024-05-20 11:21:23,Restuarant,5.6,Monday,2024-05-20,11:21:23,May,5,11,2024
2024-05-20 11:21:31,Coffe,7.6,Monday,2024-05-20,11:21:31,May,5,11,2024
2024-05-20 08:34:00,Coffe,7.6,Monday,2024-05-20,08:34:00,May,5,8,2024
2024-05-20 19:12:00,Restuarant,100.0,Monday,2024-05-20,19:12:00,May,5,19,2024
2024-05-21 06:10:31,Health,10.0,Tuesday,2024-05-21,06:10:31,May,5,6,2024
2024-05-21 06:57:14,Coffe,1.8,Tuesday,2024-05-21,06:57:14,May,5,6,2024
2024-05-21 09:43:59,Taxi,3.0,Tuesday,2024-05-21,09:43:59,May,5,9,2024
2024-05-21 12:37:06,Coffe,7.2,Tuesday,2024-05-21,12:37:06,May,5,12,2024
2024-05-21 14:58:27,Other,10.0,Tuesday,2024-05-21,14:58:27,May,5,14,2024
2024-05-22 04:01:48,Taxi,2.5,Wednesday,2024-05-22,04:01:48,May,5,4,2024
2024-05-22 04:29:18,Coffe,7.6,Wednesday,2024-05-22,04:29:18,May,5,4,2024
2024-05-22 06:51:21,Coffe,10.0,Wednesday,2024-05-22,06:51:21,May,5,6,2024
2024-05-22 09:24:10,Coffe,7.6,Wednesday,2024-05-22,09:24:10,May,5,9,2024
2024-05-22 12:48:14,Coffe,1.8,Wednesday,2024-05-22,12:48:14,May,5,12,2024
2024-05-22 15:22:42,Market,9.6,Wednesday,2024-05-22,15:22:42,May,5,15,2024
2024-05-23 06:36:09,Coffe,7.6,Thursday,2024-05-23,06:36:09,May,5,6,2024
2024-05-23 09:11:39,Taxi,2.5,Thursday,2024-05-23,09:11:39,May,5,9,2024
2024-05-23 14:40:12,Restuarant,22.0,Thursday,2024-05-23,14:40:12,May,5,14,2024
2024-05-24 08:13:58,Coffe,7.2,Friday,2024-05-24,08:13:58,May,5,8,2024
2024-05-24 10:56:11,Coffe,12.9,Friday,2024-05-24,10:56:11,May,5,10,2024
2024-05-24 11:15:19,Coffe,14.0,Friday,2024-05-24,11:15:19,May,5,11,2024
2024-05-24 12:26:07,Taxi,3.5,Friday,2024-05-24,12:26:07,May,5,12,2024
2024-05-24 12:43:39,Coffe,7.6,Friday,2024-05-24,12:43:39,May,5,12,2024
2024-05-24 17:21:00,Restuarant,31.0,Friday,2024-05-24,17:21:00,May,5,17,2024
2024-05-25 05:39:45,Coffe,7.6,Saturday,2024-05-25,05:39:45,May,5,5,2024
2024-05-25 12:20:27,Restuarant,4.0,Saturday,2024-05-25,12:20:27,May,5,12,2024
2024-05-26 10:20:21,Market,0.5,Sunday,2024-05-26,10:20:21,May,5,10,2024
2024-05-26 13:25:29,Coffe,7.6,Sunday,2024-05-26,13:25:29,May,5,13,2024
2024-05-26 17:37:34,Market,4.5,Sunday,2024-05-26,17:37:34,May,5,17,2024
2024-05-27 05:24:54,Market,0.55,Monday,2024-05-27,05:24:54,May,5,5,2024
2024-05-27 05:24:56,Taxi,2.5,Monday,2024-05-27,05:24:56,May,5,5,2024
2024-05-27 06:58:16,Coffe,18.0,Monday,2024-05-27,06:58:16,May,5,6,2024
2024-05-27 09:54:11,Market,4.3,Monday,2024-05-27,09:54:11,May,5,9,2024
2024-05-27 10:38:22,Taxi,4.4,Monday,2024-05-27,10:38:22,May,5,10,2024
2024-05-27 10:41:00,Market,4.25,Monday,2024-05-27,10:41:00,May,5,10,2024
2024-05-27 14:43:52,Market,2.8,Monday,2024-05-27,14:43:52,May,5,14,2024
2024-05-28 07:06:47,Restuarant,12.0,Tuesday,2024-05-28,07:06:47,May,5,7,2024
2024-05-28 07:32:01,Coffe,5.0,Tuesday,2024-05-28,07:32:01,May,5,7,2024
2024-05-28 10:43:17,Restuarant,7.0,Tuesday,2024-05-28,10:43:17,May,5,10,2024
2024-05-29 04:15:31,Taxi,2.5,Wednesday,2024-05-29,04:15:31,May,5,4,2024
2024-05-29 04:15:33,Market,6.0,Wednesday,2024-05-29,04:15:33,May,5,4,2024
2024-05-29 05:11:49,Coffe,11.0,Wednesday,2024-05-29,05:11:49,May,5,5,2024
2024-05-29 09:12:49,Business lunch,5.6,Wednesday,2024-05-29,09:12:49,May,5,9,2024
2024-05-29 14:14:31,Transport,3.0,Wednesday,2024-05-29,14:14:31,May,5,14,2024
2024-05-29 14:14:40,Phone,10.0,Wednesday,2024-05-29,14:14:40,May,5,14,2024
2024-05-30 14:27:46,Market,0.5,Thursday,2024-05-30,14:27:46,May,5,14,2024
2024-05-30 15:31:19,Market,13.0,Thursday,2024-05-30,15:31:19,May,5,15,2024
2024-05-31 05:45:00,Restuarant,4.5,Friday,2024-05-31,05:45:00,May,5,5,2024
2024-05-31 10:10:06,Market,7.7,Friday,2024-05-31,10:10:06,May,5,10,2024
2024-05-31 12:53:21,Restuarant,6.8,Friday,2024-05-31,12:53:21,May,5,12,2024
2024-06-01 04:24:18,Coffe,4.8,Saturday,2024-06-01,04:24:18,June,6,4,2024
2024-06-01 05:06:07,Market,0.5,Saturday,2024-06-01,05:06:07,June,6,5,2024
2024-06-01 06:40:58,Restuarant,44.0,Saturday,2024-06-01,06:40:58,June,6,6,2024
2024-06-01 06:41:03,Coffe,4.8,Saturday,2024-06-01,06:41:03,June,6,6,2024
2024-06-01 10:27:47,Restuarant,5.6,Saturday,2024-06-01,10:27:47,June,6,10,2024
2024-06-01 10:27:50,Coffe,4.8,Saturday,2024-06-01,10:27:50,June,6,10,2024
2024-06-01 17:52:19,Market,20.0,Saturday,2024-06-01,17:52:19,June,6,17,2024
2024-06-02 06:07:40,Transport,10.0,Sunday,2024-06-02,06:07:40,June,6,6,2024
2024-06-02 07:00:50,Coffe,4.8,Sunday,2024-06-02,07:00:50,June,6,7,2024
2024-06-02 10:44:28,Restuarant,35.0,Sunday,2024-06-02,10:44:28,June,6,10,2024
2024-06-02 10:47:15,Coffe,7.6,Sunday,2024-06-02,10:47:15,June,6,10,2024
2024-06-02 11:26:04,Learning,26.0,Sunday,2024-06-02,11:26:04,June,6,11,2024
2024-06-02 12:22:55,Learning,1.4,Sunday,2024-06-02,12:22:55,June,6,12,2024
2024-06-02 13:21:22,Market,35.0,Sunday,2024-06-02,13:21:22,June,6,13,2024
2024-06-03 08:22:56,Market,5.3,Monday,2024-06-03,08:22:56,June,6,8,2024
2024-06-03 08:59:41,Business lunch,10.9,Monday,2024-06-03,08:59:41,June,6,8,2024
2024-06-03 08:59:43,Coffe,7.6,Monday,2024-06-03,08:59:43,June,6,8,2024
2024-06-03 11:41:25,Coffe,6.6,Monday,2024-06-03,11:41:25,June,6,11,2024
2024-06-03 12:43:18,Events,50.0,Monday,2024-06-03,12:43:18,June,6,12,2024
2024-06-03 13:48:27,Restuarant,5.6,Monday,2024-06-03,13:48:27,June,6,13,2024
2024-06-03 19:17:13,Market,1.3,Monday,2024-06-03,19:17:13,June,6,19,2024
2024-06-04 07:32:11,Other,10.0,Tuesday,2024-06-04,07:32:11,June,6,7,2024
2024-06-04 10:34:08,Coffe,4.8,Tuesday,2024-06-04,10:34:08,June,6,10,2024
2024-06-04 11:23:22,Phone,3.0,Tuesday,2024-06-04,11:23:22,June,6,11,2024
2024-06-04 12:15:15,Coffe,12.0,Tuesday,2024-06-04,12:15:15,June,6,12,2024
2024-06-04 14:37:27,Coffe,4.8,Tuesday,2024-06-04,14:37:27,June,6,14,2024
2024-06-04 18:21:53,Market,8.0,Tuesday,2024-06-04,18:21:53,June,6,18,2024
2024-06-05 07:30:36,Market,7.0,Wednesday,2024-06-05,07:30:36,June,6,7,2024
2024-06-05 10:04:58,Restuarant,23.0,Wednesday,2024-06-05,10:04:58,June,6,10,2024
2024-06-05 07:05:00,Coffe,4.8,Wednesday,2024-06-05,07:05:00,June,6,7,2024
2024-06-05 10:09:02,Coffe,4.8,Wednesday,2024-06-05,10:09:02,June,6,10,2024
2024-06-05 16:13:27,Phone,3.0,Wednesday,2024-06-05,16:13:27,June,6,16,2024
2024-06-06 06:49:46,Coffe,7.6,Thursday,2024-06-06,06:49:46,June,6,6,2024
2024-06-06 11:33:35,Taxi,5.9,Thursday,2024-06-06,11:33:35,June,6,11,2024
2024-06-06 11:43:07,Restuarant,150.0,Thursday,2024-06-06,11:43:07,June,6,11,2024
2024-06-06 11:55:11,Coffe,5.8,Thursday,2024-06-06,11:55:11,June,6,11,2024
2024-06-07 05:22:38,Taxi,2.0,Friday,2024-06-07,05:22:38,June,6,5,2024
2024-06-07 06:46:56,Taxi,6.5,Friday,2024-06-07,06:46:56,June,6,6,2024
2024-06-07 07:34:22,Market,6.5,Friday,2024-06-07,07:34:22,June,6,7,2024
2024-06-07 09:26:11,Coffe,15.0,Friday,2024-06-07,09:26:11,June,6,9,2024
2024-06-07 13:48:12,Phone,3.0,Friday,2024-06-07,13:48:12,June,6,13,2024
2024-06-07 19:08:00,Market,15.0,Friday,2024-06-07,19:08:00,June,6,19,2024
2024-06-08 07:01:31,Transport,10.0,Saturday,2024-06-08,07:01:31,June,6,7,2024
2024-06-08 07:54:45,Market,6.5,Saturday,2024-06-08,07:54:45,June,6,7,2024
2024-06-08 08:05:14,Coffe,7.6,Saturday,2024-06-08,08:05:14,June,6,8,2024
2024-06-08 12:22:35,Restuarant,31.0,Saturday,2024-06-08,12:22:35,June,6,12,2024
2024-06-08 12:56:00,Coffe,4.8,Saturday,2024-06-08,12:56:00,June,6,12,2024
2024-06-08 14:27:39,Learning,27.0,Saturday,2024-06-08,14:27:39,June,6,14,2024
2024-06-08 15:16:23,Market,2.3,Saturday,2024-06-08,15:16:23,June,6,15,2024
2024-06-09 06:21:00,Market,3.0,Sunday,2024-06-09,06:21:00,June,6,6,2024
2024-06-09 06:28:24,Coffe,8.4,Sunday,2024-06-09,06:28:24,June,6,6,2024
2024-06-09 06:59:12,Learning,40.0,Sunday,2024-06-09,06:59:12,June,6,6,2024
2024-06-09 13:21:39,Restuarant,123.0,Sunday,2024-06-09,13:21:39,June,6,13,2024
2024-06-09 14:38:16,Clothing,88.0,Sunday,2024-06-09,14:38:16,June,6,14,2024
2024-06-09 15:33:18,Coffe,11.0,Sunday,2024-06-09,15:33:18,June,6,15,2024
2024-06-09 18:10:08,Market,5.55,Sunday,2024-06-09,18:10:08,June,6,18,2024
2024-06-10 10:17:48,Business lunch,10.0,Monday,2024-06-10,10:17:48,June,6,10,2024
2024-06-10 04:17:54,Coffe,8.0,Monday,2024-06-10,04:17:54,June,6,4,2024
2024-06-10 14:37:00,Coffe,5.0,Monday,2024-06-10,14:37:00,June,6,14,2024
2024-06-10 20:37:29,Market,1.0,Monday,2024-06-10,20:37:29,June,6,20,2024
2024-06-11 05:14:13,Market,21.0,Tuesday,2024-06-11,05:14:13,June,6,5,2024
2024-06-11 09:36:34,Business lunch,10.0,Tuesday,2024-06-11,09:36:34,June,6,9,2024
2024-06-11 16:40:22,Market,7.0,Tuesday,2024-06-11,16:40:22,June,6,16,2024
2024-06-11 16:46:23,Communal,250.0,Tuesday,2024-06-11,16:46:23,June,6,16,2024
2024-06-11 19:51:57,Restuarant,10.0,Tuesday,2024-06-11,19:51:57,June,6,19,2024
2024-06-12 05:11:14,Market,3.2,Wednesday,2024-06-12,05:11:14,June,6,5,2024
2024-06-12 10:03:13,Coffe,7.6,Wednesday,2024-06-12,10:03:13,June,6,10,2024
2024-06-12 12:54:10,Taxi,6.3,Wednesday,2024-06-12,12:54:10,June,6,12,2024
2024-06-12 14:45:12,Taxi,5.2,Wednesday,2024-06-12,14:45:12,June,6,14,2024
2024-06-12 19:37:39,Events,200.0,Wednesday,2024-06-12,19:37:39,June,6,19,2024
2024-06-12 10:37:50,Clothing,402.0,Wednesday,2024-06-12,10:37:50,June,6,10,2024
2024-06-12 19:40:34,Taxi,5.5,Wednesday,2024-06-12,19:40:34,June,6,19,2024
2024-06-13 08:00:31,Business lunch,8.5,Thursday,2024-06-13,08:00:31,June,6,8,2024
2024-06-13 08:59:09,Coffe,8.0,Thursday,2024-06-13,08:59:09,June,6,8,2024
2024-06-13 19:02:23,Restuarant,24.0,Thursday,2024-06-13,19:02:23,June,6,19,2024
2024-06-14 03:50:19,Market,3.3,Friday,2024-06-14,03:50:19,June,6,3,2024
2024-06-14 07:15:24,Phone,3.0,Friday,2024-06-14,07:15:24,June,6,7,2024
2024-06-14 07:15:27,Business lunch,8.0,Friday,2024-06-14,07:15:27,June,6,7,2024
2024-06-14 17:50:00,Restuarant,43.0,Friday,2024-06-14,17:50:00,June,6,17,2024
2024-06-15 12:01:26,Restuarant,5.7,Saturday,2024-06-15,12:01:26,June,6,12,2024
2024-06-15 13:51:52,Coffe,5.6,Saturday,2024-06-15,13:51:52,June,6,13,2024
2024-06-15 07:52:00,Coffe,8.4,Saturday,2024-06-15,07:52:00,June,6,7,2024
2024-06-15 14:24:41,Coffe,6.6,Saturday,2024-06-15,14:24:41,June,6,14,2024
2024-06-15 17:04:19,Restuarant,5.7,Saturday,2024-06-15,17:04:19,June,6,17,2024
2024-06-16 07:48:21,Coffe,7.6,Sunday,2024-06-16,07:48:21,June,6,7,2024
2024-06-16 13:38:14,Restuarant,5.7,Sunday,2024-06-16,13:38:14,June,6,13,2024
2024-06-16 15:16:17,Coffe,4.55,Sunday,2024-06-16,15:16:17,June,6,15,2024
2024-06-17 01:58:51,Taxi,6.1,Monday,2024-06-17,01:58:51,June,6,1,2024
2024-06-17 07:25:15,Coffe,16.0,Monday,2024-06-17,07:25:15,June,6,7,2024
2024-06-17 07:25:25,Taxi,22.0,Monday,2024-06-17,07:25:25,June,6,7,2024
2024-06-17 10:42:04,Taxi,4.1,Monday,2024-06-17,10:42:04,June,6,10,2024
2024-06-17 17:33:10,Market,13.0,Monday,2024-06-17,17:33:10,June,6,17,2024
2024-06-18 06:19:37,Coffe,8.0,Tuesday,2024-06-18,06:19:37,June,6,6,2024
2024-06-18 12:36:56,Restuarant,5.7,Tuesday,2024-06-18,12:36:56,June,6,12,2024
2024-06-18 12:44:52,Coffe,9.2,Tuesday,2024-06-18,12:44:52,June,6,12,2024
2024-06-19 09:13:02,Restuarant,17.0,Wednesday,2024-06-19,09:13:02,June,6,9,2024
2024-06-19 09:13:04,Coffe,6.6,Wednesday,2024-06-19,09:13:04,June,6,9,2024
2024-06-19 11:35:15,Transport,0.8,Wednesday,2024-06-19,11:35:15,June,6,11,2024
2024-06-19 12:12:25,Market,5.3,Wednesday,2024-06-19,12:12:25,June,6,12,2024
2024-06-19 19:28:03,Restuarant,20.0,Wednesday,2024-06-19,19:28:03,June,6,19,2024
2024-06-19 19:28:05,Market,10.0,Wednesday,2024-06-19,19:28:05,June,6,19,2024
2024-06-20 04:59:20,Market,10.0,Thursday,2024-06-20,04:59:20,June,6,4,2024
2024-06-20 08:40:58,Business lunch,8.6,Thursday,2024-06-20,08:40:58,June,6,8,2024
2024-06-20 09:07:47,Coffe,5.8,Thursday,2024-06-20,09:07:47,June,6,9,2024
2024-06-20 20:14:35,Market,18.0,Thursday,2024-06-20,20:14:35,June,6,20,2024
2024-06-21 02:21:24,Transport,0.4,Friday,2024-06-21,02:21:24,June,6,2,2024
2024-06-21 02:21:26,Taxi,2.0,Friday,2024-06-21,02:21:26,June,6,2,2024
2024-06-21 18:28:00,Market,4.8,Friday,2024-06-21,18:28:00,June,6,18,2024
2024-06-21 10:29:00,Restuarant,2.0,Friday,2024-06-21,10:29:00,June,6,10,2024
2024-06-22 08:33:39,Transport,0.8,Saturday,2024-06-22,08:33:39,June,6,8,2024
2024-06-22 09:29:56,Coffe,8.4,Saturday,2024-06-22,09:29:56,June,6,9,2024
2024-06-22 11:45:10,Restuarant,5.7,Saturday,2024-06-22,11:45:10,June,6,11,2024
2024-06-22 16:01:59,Transport,3.0,Saturday,2024-06-22,16:01:59,June,6,16,2024
2024-06-22 16:45:19,Market,1.85,Saturday,2024-06-22,16:45:19,June,6,16,2024
2024-06-23 08:33:08,Coffe,8.4,Sunday,2024-06-23,08:33:08,June,6,8,2024
2024-06-23 09:05:09,Phone,1.0,Sunday,2024-06-23,09:05:09,June,6,9,2024
2024-06-24 05:10:29,Market,1.7,Monday,2024-06-24,05:10:29,June,6,5,2024
2024-06-24 13:06:15,Restuarant,8.5,Monday,2024-06-24,13:06:15,June,6,13,2024
2024-06-24 14:21:18,Coffe,6.0,Monday,2024-06-24,14:21:18,June,6,14,2024
2024-06-24 17:35:34,Market,3.2,Monday,2024-06-24,17:35:34,June,6,17,2024
2024-06-24 17:46:38,Taxi,3.0,Monday,2024-06-24,17:46:38,June,6,17,2024
2024-06-25 06:15:46,Restuarant,5.4,Tuesday,2024-06-25,06:15:46,June,6,6,2024
2024-06-25 08:57:05,Coffe,8.3,Tuesday,2024-06-25,08:57:05,June,6,8,2024
2024-06-25 13:30:10,Restuarant,5.7,Tuesday,2024-06-25,13:30:10,June,6,13,2024
2024-06-25 13:36:06,Coffe,5.9,Tuesday,2024-06-25,13:36:06,June,6,13,2024
2024-06-26 05:50:09,Market,1.5,Wednesday,2024-06-26,05:50:09,June,6,5,2024
2024-06-26 09:09:16,Coffe,6.0,Wednesday,2024-06-26,09:09:16,June,6,9,2024
2024-06-26 09:09:20,Restuarant,40.0,Wednesday,2024-06-26,09:09:20,June,6,9,2024
2024-06-26 09:09:27,Fuel,20.0,Wednesday,2024-06-26,09:09:27,June,6,9,2024
2024-06-26 12:48:12,Coffe,5.9,Wednesday,2024-06-26,12:48:12,June,6,12,2024
2024-06-26 14:00:21,Market,3.0,Wednesday,2024-06-26,14:00:21,June,6,14,2024
2024-06-26 14:47:38,Coffe,19.0,Wednesday,2024-06-26,14:47:38,June,6,14,2024
2024-06-26 19:26:20,Restuarant,25.0,Wednesday,2024-06-26,19:26:20,June,6,19,2024
2024-06-27 04:56:53,Transport,3.0,Thursday,2024-06-27,04:56:53,June,6,4,2024
2024-06-27 06:33:56,Phone,2.27,Thursday,2024-06-27,06:33:56,June,6,6,2024
2024-06-28 05:03:46,Market,3.3,Friday,2024-06-28,05:03:46,June,6,5,2024
2024-06-28 06:00:46,Restuarant,5.4,Friday,2024-06-28,06:00:46,June,6,6,2024
2024-06-28 09:05:23,Coffe,8.3,Friday,2024-06-28,09:05:23,June,6,9,2024
2024-06-29 04:29:28,Phone,10.0,Saturday,2024-06-29,04:29:28,June,6,4,2024
2024-06-29 06:25:37,Coffe,5.9,Saturday,2024-06-29,06:25:37,June,6,6,2024
2024-06-29 09:28:08,Coffe,19.0,Saturday,2024-06-29,09:28:08,June,6,9,2024
2024-06-29 11:05:08,Learning,13.0,Saturday,2024-06-29,11:05:08,June,6,11,2024
2024-06-29 11:49:22,Coffe,5.6,Saturday,2024-06-29,11:49:22,June,6,11,2024
2024-06-29 18:16:33,Restuarant,20.0,Saturday,2024-06-29,18:16:33,June,6,18,2024
2024-06-30 05:46:36,Transport,10.0,Sunday,2024-06-30,05:46:36,June,6,5,2024
2024-06-29 19:46:42,Fuel,20.0,Saturday,2024-06-29,19:46:42,June,6,19,2024
2024-06-30 06:37:52,Coffe,6.0,Sunday,2024-06-30,06:37:52,June,6,6,2024
2024-06-30 09:34:00,Restuarant,5.7,Sunday,2024-06-30,09:34:00,June,6,9,2024
2024-06-30 09:34:03,Coffe,5.0,Sunday,2024-06-30,09:34:03,June,6,9,2024
2024-06-30 11:59:11,Market,6.0,Sunday,2024-06-30,11:59:11,June,6,11,2024
2024-06-30 12:07:35,Other,10.0,Sunday,2024-06-30,12:07:35,June,6,12,2024
2024-06-30 12:55:45,Health,2.2,Sunday,2024-06-30,12:55:45,June,6,12,2024
2024-06-30 17:33:11,Market,29.0,Sunday,2024-06-30,17:33:11,June,6,17,2024
2024-07-01 06:57:19,Business lunch,7.2,Monday,2024-07-01,06:57:19,July,7,6,2024
2024-07-01 09:39:34,Market,11.0,Monday,2024-07-01,09:39:34,July,7,9,2024
2024-07-01 14:40:16,Clothing,213.0,Monday,2024-07-01,14:40:16,July,7,14,2024
2024-07-01 15:25:07,Coffe,8.7,Monday,2024-07-01,15:25:07,July,7,15,2024
2024-07-02 09:07:20,Coffe,5.25,Tuesday,2024-07-02,09:07:20,July,7,9,2024
2024-07-02 09:07:22,Business lunch,5.5,Tuesday,2024-07-02,09:07:22,July,7,9,2024
2024-07-02 11:55:07,Market,8.0,Tuesday,2024-07-02,11:55:07,July,7,11,2024
2024-07-02 14:29:51,Coffe,8.7,Tuesday,2024-07-02,14:29:51,July,7,14,2024
2024-07-02 19:42:57,Market,7.0,Tuesday,2024-07-02,19:42:57,July,7,19,2024
2024-07-03 08:05:43,Business lunch,12.0,Wednesday,2024-07-03,08:05:43,July,7,8,2024
2024-07-03 08:49:50,Coffe,7.35,Wednesday,2024-07-03,08:49:50,July,7,8,2024
2024-07-03 09:36:29,Market,16.0,Wednesday,2024-07-03,09:36:29,July,7,9,2024
2024-07-03 14:43:02,Coffe,8.7,Wednesday,2024-07-03,14:43:02,July,7,14,2024
2024-07-03 18:55:25,Market,8.0,Wednesday,2024-07-03,18:55:25,July,7,18,2024
2024-07-04 06:08:03,Business lunch,5.4,Thursday,2024-07-04,06:08:03,July,7,6,2024
2024-07-04 09:05:33,Coffe,7.35,Thursday,2024-07-04,09:05:33,July,7,9,2024
2024-07-04 09:56:13,Market,7.0,Thursday,2024-07-04,09:56:13,July,7,9,2024
2024-07-04 14:14:27,Business lunch,14.0,Thursday,2024-07-04,14:14:27,July,7,14,2024
2024-07-04 15:16:17,Coffe,8.0,Thursday,2024-07-04,15:16:17,July,7,15,2024
2024-07-04 15:16:22,Clothing,204.0,Thursday,2024-07-04,15:16:22,July,7,15,2024
2024-07-05 07:20:09,Phone,5.0,Friday,2024-07-05,07:20:09,July,7,7,2024
2024-07-05 04:23:00,Market,4.3,Friday,2024-07-05,04:23:00,July,7,4,2024
2024-07-05 09:26:52,Business lunch,10.0,Friday,2024-07-05,09:26:52,July,7,9,2024
2024-07-05 09:38:54,Market,1.3,Friday,2024-07-05,09:38:54,July,7,9,2024
2024-07-05 09:53:19,Market,8.0,Friday,2024-07-05,09:53:19,July,7,9,2024
2024-07-05 16:02:52,Coffe,6.0,Friday,2024-07-05,16:02:52,July,7,16,2024
2024-07-05 17:03:00,Market,4.5,Friday,2024-07-05,17:03:00,July,7,17,2024
2024-07-05 19:12:00,Restuarant,42.0,Friday,2024-07-05,19:12:00,July,7,19,2024
2024-07-06 05:49:19,Other,20.0,Saturday,2024-07-06,05:49:19,July,7,5,2024
2024-07-06 18:14:30,Events,500.0,Saturday,2024-07-06,18:14:30,July,7,18,2024
2024-07-06 18:14:31,Events,21.0,Saturday,2024-07-06,18:14:31,July,7,18,2024
2024-07-06 18:14:34,Events,12.0,Saturday,2024-07-06,18:14:34,July,7,18,2024
2024-07-05 20:14:51,Taxi,5.0,Friday,2024-07-05,20:14:51,July,7,20,2024
2024-07-06 19:21:34,Market,3.0,Saturday,2024-07-06,19:21:34,July,7,19,2024
2024-07-07 11:29:23,Coffe,6.0,Sunday,2024-07-07,11:29:23,July,7,11,2024
2024-07-07 14:38:10,Coffe,8.0,Sunday,2024-07-07,14:38:10,July,7,14,2024
2024-07-07 20:45:15,Market,13.0,Sunday,2024-07-07,20:45:15,July,7,20,2024
2024-07-08 05:13:06,Market,5.2,Monday,2024-07-08,05:13:06,July,7,5,2024
2024-07-08 10:02:47,Business lunch,10.0,Monday,2024-07-08,10:02:47,July,7,10,2024
2024-07-08 16:50:01,Transport,10.0,Monday,2024-07-08,16:50:01,July,7,16,2024
2024-07-09 08:35:56,Business lunch,12.0,Tuesday,2024-07-09,08:35:56,July,7,8,2024
2024-07-09 09:36:00,Coffe,8.3,Tuesday,2024-07-09,09:36:00,July,7,9,2024
2024-07-09 14:28:00,Coffe,8.0,Tuesday,2024-07-09,14:28:00,July,7,14,2024
2024-07-10 04:31:21,Market,3.2,Wednesday,2024-07-10,04:31:21,July,7,4,2024
2024-07-10 05:03:58,Learning,50.0,Wednesday,2024-07-10,05:03:58,July,7,5,2024
2024-07-10 05:07:16,Transport,1.0,Wednesday,2024-07-10,05:07:16,July,7,5,2024
2024-07-10 08:16:56,Business lunch,20.0,Wednesday,2024-07-10,08:16:56,July,7,8,2024
2024-07-10 09:28:21,Coffe,5.8,Wednesday,2024-07-10,09:28:21,July,7,9,2024
2024-07-10 14:27:29,Coffe,5.0,Wednesday,2024-07-10,14:27:29,July,7,14,2024
2024-07-10 20:04:05,Market,4.0,Wednesday,2024-07-10,20:04:05,July,7,20,2024
2024-07-11 04:41:57,Market,1.6,Thursday,2024-07-11,04:41:57,July,7,4,2024
2024-07-11 06:46:58,Communal,200.0,Thursday,2024-07-11,06:46:58,July,7,6,2024
2024-07-11 09:52:22,Business lunch,10.0,Thursday,2024-07-11,09:52:22,July,7,9,2024
2024-07-11 10:02:37,Learning,15.0,Thursday,2024-07-11,10:02:37,July,7,10,2024
2024-07-11 13:43:00,Restuarant,7.0,Thursday,2024-07-11,13:43:00,July,7,13,2024
2024-07-11 14:39:17,Coffe,8.0,Thursday,2024-07-11,14:39:17,July,7,14,2024
2024-07-11 19:15:32,Market,0.85,Thursday,2024-07-11,19:15:32,July,7,19,2024
2024-07-12 08:26:45,Market,11.0,Friday,2024-07-12,08:26:45,July,7,8,2024
2024-07-12 08:41:35,Business lunch,7.2,Friday,2024-07-12,08:41:35,July,7,8,2024
2024-07-12 17:21:01,Restuarant,55.0,Friday,2024-07-12,17:21:01,July,7,17,2024
2024-07-12 17:39:55,Coffe,5.0,Friday,2024-07-12,17:39:55,July,7,17,2024
2024-07-13 08:47:26,Coffe,8.0,Saturday,2024-07-13,08:47:26,July,7,8,2024
2024-07-13 12:09:11,Coffe,7.0,Saturday,2024-07-13,12:09:11,July,7,12,2024
2024-07-13 14:33:07,Restuarant,5.7,Saturday,2024-07-13,14:33:07,July,7,14,2024
2024-07-13 14:52:09,Coffe,8.0,Saturday,2024-07-13,14:52:09,July,7,14,2024
2024-07-13 19:56:18,Market,1.0,Saturday,2024-07-13,19:56:18,July,7,19,2024
2024-07-14 06:37:45,Coffe,8.0,Sunday,2024-07-14,06:37:45,July,7,6,2024
2024-07-14 11:02:11,Restuarant,6.0,Sunday,2024-07-14,11:02:11,July,7,11,2024
2024-07-14 11:06:18,Coffe,8.0,Sunday,2024-07-14,11:06:18,July,7,11,2024
2024-07-14 14:26:06,joy,13.0,Sunday,2024-07-14,14:26:06,July,7,14,2024
2024-07-14 16:26:36,Phone,5.0,Sunday,2024-07-14,16:26:36,July,7,16,2024
2024-07-14 22:34:54,Restuarant,120.0,Sunday,2024-07-14,22:34:54,July,7,22,2024
2024-07-14 22:34:59,Taxi,10.0,Sunday,2024-07-14,22:34:59,July,7,22,2024
2024-07-15 05:31:40,Business lunch,6.0,Monday,2024-07-15,05:31:40,July,7,5,2024
2024-07-15 09:38:38,Business lunch,10.0,Monday,2024-07-15,09:38:38,July,7,9,2024
2024-07-15 09:51:56,Market,9.0,Monday,2024-07-15,09:51:56,July,7,9,2024
2024-07-15 14:32:56,Coffe,9.0,Monday,2024-07-15,14:32:56,July,7,14,2024
2024-07-15 17:34:00,Market,12.0,Monday,2024-07-15,17:34:00,July,7,17,2024
2024-07-16 06:40:16,Business lunch,6.24,Tuesday,2024-07-16,06:40:16,July,7,6,2024
2024-07-16 09:30:53,Coffe,8.0,Tuesday,2024-07-16,09:30:53,July,7,9,2024
2024-07-17 04:20:45,Market,7.0,Wednesday,2024-07-17,04:20:45,July,7,4,2024
2024-07-17 07:45:28,Phone,5.0,Wednesday,2024-07-17,07:45:28,July,7,7,2024
2024-07-17 07:45:50,Tech,2222.0,Wednesday,2024-07-17,07:45:50,July,7,7,2024
2024-07-17 09:41:23,Tech,5.0,Wednesday,2024-07-17,09:41:23,July,7,9,2024
2024-07-17 09:41:59,Market,10.0,Wednesday,2024-07-17,09:41:59,July,7,9,2024
2024-07-17 09:45:42,Business lunch,88.0,Wednesday,2024-07-17,09:45:42,July,7,9,2024
2024-07-17 17:31:21,Taxi,2.5,Wednesday,2024-07-17,17:31:21,July,7,17,2024
2024-07-17 17:31:40,Taxi,18.0,Wednesday,2024-07-17,17:31:40,July,7,17,2024
2024-07-17 17:34:01,Market,5.1,Wednesday,2024-07-17,17:34:01,July,7,17,2024
2024-07-18 04:15:55,Market,5.6,Thursday,2024-07-18,04:15:55,July,7,4,2024
2024-07-18 06:08:15,Business lunch,9.0,Thursday,2024-07-18,06:08:15,July,7,6,2024
2024-07-18 15:00:47,Coffe,7.0,Thursday,2024-07-18,15:00:47,July,7,15,2024
2024-07-19 09:29:32,Coffe,8.0,Friday,2024-07-19,09:29:32,July,7,9,2024
2024-07-19 11:30:20,Restuarant,5.7,Friday,2024-07-19,11:30:20,July,7,11,2024
2024-07-18 19:31:00,Restuarant,23.0,Thursday,2024-07-18,19:31:00,July,7,19,2024
2024-07-19 15:30:31,Phone,5.0,Friday,2024-07-19,15:30:31,July,7,15,2024
2024-07-20 03:54:45,Coffe,8.0,Saturday,2024-07-20,03:54:45,July,7,3,2024
2024-07-20 08:04:39,business_expenses,150.0,Saturday,2024-07-20,08:04:39,July,7,8,2024
2024-07-20 11:57:45,Restuarant,50.0,Saturday,2024-07-20,11:57:45,July,7,11,2024
2024-07-21 11:31:40,Restuarant,5.7,Sunday,2024-07-21,11:31:40,July,7,11,2024
2024-07-21 11:31:42,Coffe,8.7,Sunday,2024-07-21,11:31:42,July,7,11,2024
2024-07-21 18:27:58,Restuarant,40.0,Sunday,2024-07-21,18:27:58,July,7,18,2024
2024-07-22 08:06:35,Coffe,19.0,Monday,2024-07-22,08:06:35,July,7,8,2024
2024-07-22 12:08:51,Coffe,7.1,Monday,2024-07-22,12:08:51,July,7,12,2024
2024-07-22 18:05:59,Restuarant,60.0,Monday,2024-07-22,18:05:59,July,7,18,2024
2024-07-23 07:55:19,Transport,2.0,Tuesday,2024-07-23,07:55:19,July,7,7,2024
2024-07-23 07:55:25,Market,1.0,Tuesday,2024-07-23,07:55:25,July,7,7,2024
2024-07-23 12:49:54,Restuarant,5.7,Tuesday,2024-07-23,12:49:54,July,7,12,2024
2024-07-23 14:33:21,Coffe,8.0,Tuesday,2024-07-23,14:33:21,July,7,14,2024
2024-07-23 18:07:35,Phone,5.0,Tuesday,2024-07-23,18:07:35,July,7,18,2024
2024-07-23 18:49:49,Market,15.0,Tuesday,2024-07-23,18:49:49,July,7,18,2024
2024-07-24 06:47:28,Transport,1.0,Wednesday,2024-07-24,06:47:28,July,7,6,2024
2024-07-24 08:14:23,Coffe,18.1,Wednesday,2024-07-24,08:14:23,July,7,8,2024
2024-07-24 17:01:37,Restuarant,6.0,Wednesday,2024-07-24,17:01:37,July,7,17,2024
2024-07-24 17:13:16,Transport,0.5,Wednesday,2024-07-24,17:13:16,July,7,17,2024
2024-07-25 04:37:48,Coffe,9.0,Thursday,2024-07-25,04:37:48,July,7,4,2024
2024-07-25 04:37:57,Market,20.0,Thursday,2024-07-25,04:37:57,July,7,4,2024
2024-07-25 04:38:05,Coffe,15.0,Thursday,2024-07-25,04:38:05,July,7,4,2024
2024-07-25 11:55:27,Restuarant,90.0,Thursday,2024-07-25,11:55:27,July,7,11,2024
2024-07-25 12:08:16,Transport,0.5,Thursday,2024-07-25,12:08:16,July,7,12,2024
2024-07-25 12:44:08,Market,2.25,Thursday,2024-07-25,12:44:08,July,7,12,2024
2024-07-25 12:49:30,Market,19.0,Thursday,2024-07-25,12:49:30,July,7,12,2024
2024-07-26 04:19:03,Coffe,8.7,Friday,2024-07-26,04:19:03,July,7,4,2024
2024-07-26 04:29:17,Taxi,2.5,Friday,2024-07-26,04:29:17,July,7,4,2024
2024-07-26 08:13:35,Restuarant,5.9,Friday,2024-07-26,08:13:35,July,7,8,2024
2024-07-26 08:13:38,Taxi,2.5,Friday,2024-07-26,08:13:38,July,7,8,2024
2024-07-26 08:18:54,Coffe,8.0,Friday,2024-07-26,08:18:54,July,7,8,2024
2024-07-26 13:07:24,Market,8.0,Friday,2024-07-26,13:07:24,July,7,13,2024
2024-07-26 13:17:28,Coffe,8.0,Friday,2024-07-26,13:17:28,July,7,13,2024
2024-07-27 09:26:18,Coffe,8.0,Saturday,2024-07-27,09:26:18,July,7,9,2024
2024-07-27 12:10:51,Coffe,15.0,Saturday,2024-07-27,12:10:51,July,7,12,2024
2024-07-27 13:43:53,Restuarant,5.7,Saturday,2024-07-27,13:43:53,July,7,13,2024
2024-07-27 16:06:32,Market,26.0,Saturday,2024-07-27,16:06:32,July,7,16,2024
2024-07-28 07:52:25,Coffe,8.7,Sunday,2024-07-28,07:52:25,July,7,7,2024
2024-07-28 09:20:41,Coffe,11.0,Sunday,2024-07-28,09:20:41,July,7,9,2024
2024-07-28 12:51:31,Restuarant,5.7,Sunday,2024-07-28,12:51:31,July,7,12,2024
2024-07-28 14:00:44,Transport,2.0,Sunday,2024-07-28,14:00:44,July,7,14,2024
2024-07-28 14:30:18,Market,16.0,Sunday,2024-07-28,14:30:18,July,7,14,2024
2024-07-29 08:26:23,Coffe,8.0,Monday,2024-07-29,08:26:23,July,7,8,2024
2024-07-29 14:39:33,Restuarant,100.0,Monday,2024-07-29,14:39:33,July,7,14,2024
2024-07-29 14:57:53,Coffe,8.0,Monday,2024-07-29,14:57:53,July,7,14,2024
2024-07-29 18:29:26,Transport,10.0,Monday,2024-07-29,18:29:26,July,7,18,2024
2024-07-29 19:23:22,Market,5.0,Monday,2024-07-29,19:23:22,July,7,19,2024
2024-07-30 08:31:13,Coffe,16.0,Tuesday,2024-07-30,08:31:13,July,7,8,2024
2024-07-30 12:16:41,Coffe,15.0,Tuesday,2024-07-30,12:16:41,July,7,12,2024
2024-07-30 17:17:03,Restuarant,72.0,Tuesday,2024-07-30,17:17:03,July,7,17,2024
2024-07-31 01:42:31,Sport,89.0,Wednesday,2024-07-31,01:42:31,July,7,1,2024
2024-07-31 04:18:20,Coffe,16.0,Wednesday,2024-07-31,04:18:20,July,7,4,2024
2024-07-31 09:11:27,Tech,35.0,Wednesday,2024-07-31,09:11:27,July,7,9,2024
2024-07-31 09:11:32,Learning,3.0,Wednesday,2024-07-31,09:11:32,July,7,9,2024
2024-07-31 09:41:41,Business lunch,11.0,Wednesday,2024-07-31,09:41:41,July,7,9,2024
2024-07-31 12:07:24,Phone,10.0,Wednesday,2024-07-31,12:07:24,July,7,12,2024
2024-07-31 12:19:51,Phone,5.0,Wednesday,2024-07-31,12:19:51,July,7,12,2024
2024-07-31 14:22:33,Coffe,8.0,Wednesday,2024-07-31,14:22:33,July,7,14,2024
2024-08-01 03:47:23,Sport,20.0,Thursday,2024-08-01,03:47:23,August,8,3,2024
2024-08-01 03:50:40,Market,2.4,Thursday,2024-08-01,03:50:40,August,8,3,2024
2024-08-01 04:01:44,Taxi,2.5,Thursday,2024-08-01,04:01:44,August,8,4,2024
2024-08-01 04:08:22,Coffe,6.75,Thursday,2024-08-01,04:08:22,August,8,4,2024
2024-08-01 08:00:37,Business lunch,10.0,Thursday,2024-08-01,08:00:37,August,8,8,2024
2024-08-01 14:23:29,Coffe,8.0,Thursday,2024-08-01,14:23:29,August,8,14,2024
2024-08-02 03:54:39,Market,18.0,Friday,2024-08-02,03:54:39,August,8,3,2024
2024-08-02 08:00:06,Business lunch,9.0,Friday,2024-08-02,08:00:06,August,8,8,2024
2024-08-02 13:16:36,Business lunch,12.0,Friday,2024-08-02,13:16:36,August,8,13,2024
2024-08-02 14:37:37,Coffe,8.0,Friday,2024-08-02,14:37:37,August,8,14,2024
2024-08-02 19:05:05,Market,1.0,Friday,2024-08-02,19:05:05,August,8,19,2024
2024-08-03 09:06:51,Coffe,5.0,Saturday,2024-08-03,09:06:51,August,8,9,2024
2024-08-03 08:06:00,Restuarant,25.0,Saturday,2024-08-03,08:06:00,August,8,8,2024
2024-08-03 11:02:54,Market,14.0,Saturday,2024-08-03,11:02:54,August,8,11,2024
2024-08-03 14:39:43,Coffe,8.0,Saturday,2024-08-03,14:39:43,August,8,14,2024
2024-08-04 06:08:02,Coffe,15.0,Sunday,2024-08-04,06:08:02,August,8,6,2024
2024-08-04 09:06:45,Coffe,8.0,Sunday,2024-08-04,09:06:45,August,8,9,2024
2024-08-04 11:51:00,Coffe,15.2,Sunday,2024-08-04,11:51:00,August,8,11,2024
2024-08-04 15:55:00,Market,16.0,Sunday,2024-08-04,15:55:00,August,8,15,2024
2024-08-05 06:21:32,Restuarant,5.4,Monday,2024-08-05,06:21:32,August,8,6,2024
2024-08-05 10:03:23,Market,12.0,Monday,2024-08-05,10:03:23,August,8,10,2024
2024-08-05 14:29:07,Coffe,8.0,Monday,2024-08-05,14:29:07,August,8,14,2024
2024-08-05 14:47:43,Phone,5.0,Monday,2024-08-05,14:47:43,August,8,14,2024
2024-08-05 19:16:05,Learning,120.0,Monday,2024-08-05,19:16:05,August,8,19,2024
2024-08-05 19:29:51,Coffe,7.2,Monday,2024-08-05,19:29:51,August,8,19,2024
2024-08-06 04:00:36,Coffe,15.23,Tuesday,2024-08-06,04:00:36,August,8,4,2024
2024-08-06 09:46:05,Learning,27.0,Tuesday,2024-08-06,09:46:05,August,8,9,2024
2024-08-06 09:56:39,Market,51.0,Tuesday,2024-08-06,09:56:39,August,8,9,2024
2024-08-06 14:45:48,Coffe,8.2,Tuesday,2024-08-06,14:45:48,August,8,14,2024
2024-08-06 17:15:31,Transport,0.5,Tuesday,2024-08-06,17:15:31,August,8,17,2024
2024-08-06 18:54:14,Other,10.0,Tuesday,2024-08-06,18:54:14,August,8,18,2024
2024-08-07 13:17:12,Market,7.2,Wednesday,2024-08-07,13:17:12,August,8,13,2024
2024-08-07 13:17:15,Restuarant,5.4,Wednesday,2024-08-07,13:17:15,August,8,13,2024
2024-08-07 13:17:23,Learning,50.0,Wednesday,2024-08-07,13:17:23,August,8,13,2024
2024-08-07 14:26:07,Coffe,8.7,Wednesday,2024-08-07,14:26:07,August,8,14,2024
2024-08-07 15:44:35,Phone,15.0,Wednesday,2024-08-07,15:44:35,August,8,15,2024
2024-08-08 08:05:18,Restuarant,7.2,Thursday,2024-08-08,08:05:18,August,8,8,2024
2024-08-08 04:05:00,Coffe,15.23,Thursday,2024-08-08,04:05:00,August,8,4,2024
2024-08-08 14:30:40,Coffe,8.7,Thursday,2024-08-08,14:30:40,August,8,14,2024
2024-08-08 19:26:57,Market,5.32,Thursday,2024-08-08,19:26:57,August,8,19,2024
2024-08-09 06:00:00,Restuarant,5.4,Friday,2024-08-09,06:00:00,August,8,6,2024
2024-08-09 09:01:47,Market,15.0,Friday,2024-08-09,09:01:47,August,8,9,2024
2024-08-09 10:02:44,Taxi,4.2,Friday,2024-08-09,10:02:44,August,8,10,2024
2024-08-09 13:04:52,Coffe,15.2,Friday,2024-08-09,13:04:52,August,8,13,2024
2024-08-09 17:57:03,Restuarant,61.0,Friday,2024-08-09,17:57:03,August,8,17,2024
2024-08-09 17:57:07,Transport,3.0,Friday,2024-08-09,17:57:07,August,8,17,2024
2024-08-10 07:39:18,Learning,50.0,Saturday,2024-08-10,07:39:18,August,8,7,2024
2024-08-10 09:25:17,Market,3.21,Saturday,2024-08-10,09:25:17,August,8,9,2024
2024-08-10 09:25:18,Coffe,8.0,Saturday,2024-08-10,09:25:18,August,8,9,2024
2024-08-10 12:59:41,Coffe,15.2,Saturday,2024-08-10,12:59:41,August,8,12,2024
2024-08-10 14:57:29,Transport,1.0,Saturday,2024-08-10,14:57:29,August,8,14,2024
2024-08-10 15:59:34,Market,7.0,Saturday,2024-08-10,15:59:34,August,8,15,2024
2024-08-10 18:52:11,Communal,150.0,Saturday,2024-08-10,18:52:11,August,8,18,2024
2024-08-11 07:52:10,Coffe,15.2,Sunday,2024-08-11,07:52:10,August,8,7,2024
2024-08-11 07:52:16,Transport,1.0,Sunday,2024-08-11,07:52:16,August,8,7,2024
2024-08-11 11:09:09,Coffe,8.0,Sunday,2024-08-11,11:09:09,August,8,11,2024
2024-08-11 19:29:04,Market,8.52,Sunday,2024-08-11,19:29:04,August,8,19,2024
2024-08-11 19:29:08,Transport,0.5,Sunday,2024-08-11,19:29:08,August,8,19,2024
2024-08-12 03:59:58,Coffe,15.23,Monday,2024-08-12,03:59:58,August,8,3,2024
2024-08-12 06:17:22,Market,3.33,Monday,2024-08-12,06:17:22,August,8,6,2024
2024-08-12 08:21:04,Business lunch,9.0,Monday,2024-08-12,08:21:04,August,8,8,2024
2024-08-12 09:03:19,Coffe,7.53,Monday,2024-08-12,09:03:19,August,8,9,2024
2024-08-12 14:41:50,Market,10.0,Monday,2024-08-12,14:41:50,August,8,14,2024
2024-08-13 02:21:13,Transport,2.0,Tuesday,2024-08-13,02:21:13,August,8,2,2024
2024-08-13 04:08:32,Coffe,19.0,Tuesday,2024-08-13,04:08:32,August,8,4,2024
2024-08-13 07:59:10,Business lunch,11.0,Tuesday,2024-08-13,07:59:10,August,8,7,2024
2024-08-13 13:27:28,Phone,5.0,Tuesday,2024-08-13,13:27:28,August,8,13,2024
2024-08-13 13:50:19,Learning,70.0,Tuesday,2024-08-13,13:50:19,August,8,13,2024
2024-08-13 14:43:57,Coffe,18.0,Tuesday,2024-08-13,14:43:57,August,8,14,2024
2024-08-14 04:17:35,Transport,1.5,Wednesday,2024-08-14,04:17:35,August,8,4,2024
2024-08-14 07:27:56,Business lunch,12.0,Wednesday,2024-08-14,07:27:56,August,8,7,2024
2024-08-14 09:46:41,Market,8.0,Wednesday,2024-08-14,09:46:41,August,8,9,2024
2024-08-14 14:43:55,Market,16.0,Wednesday,2024-08-14,14:43:55,August,8,14,2024
2024-08-15 02:26:08,Transport,1.0,Thursday,2024-08-15,02:26:08,August,8,2,2024
2024-08-15 04:41:11,Coffe,15.23,Thursday,2024-08-15,04:41:11,August,8,4,2024
2024-08-15 09:39:52,Business lunch,10.0,Thursday,2024-08-15,09:39:52,August,8,9,2024
2024-08-15 14:24:06,Clothing,39.0,Thursday,2024-08-15,14:24:06,August,8,14,2024
2024-08-15 14:40:25,Coffe,8.0,Thursday,2024-08-15,14:40:25,August,8,14,2024
2024-08-15 18:51:58,Market,8.0,Thursday,2024-08-15,18:51:58,August,8,18,2024
2024-08-16 02:30:43,Transport,1.0,Friday,2024-08-16,02:30:43,August,8,2,2024
2024-08-16 04:02:52,Taxi,2.5,Friday,2024-08-16,04:02:52,August,8,4,2024
2024-08-16 04:14:48,Coffe,6.75,Friday,2024-08-16,04:14:48,August,8,4,2024
2024-08-16 09:25:48,Business lunch,11.3,Friday,2024-08-16,09:25:48,August,8,9,2024
2024-08-16 14:50:08,Coffe,8.0,Friday,2024-08-16,14:50:08,August,8,14,2024
2024-08-16 18:25:23,Restuarant,83.0,Friday,2024-08-16,18:25:23,August,8,18,2024
2024-08-17 06:13:31,Coffe,15.2,Saturday,2024-08-17,06:13:31,August,8,6,2024
2024-08-17 09:13:04,Coffe,8.0,Saturday,2024-08-17,09:13:04,August,8,9,2024
2024-08-17 12:28:40,Coffe,18.0,Saturday,2024-08-17,12:28:40,August,8,12,2024
2024-08-17 16:52:39,Transport,1.0,Saturday,2024-08-17,16:52:39,August,8,16,2024
2024-08-17 17:32:21,Market,7.0,Saturday,2024-08-17,17:32:21,August,8,17,2024
2024-08-18 07:30:31,Coffe,15.2,Sunday,2024-08-18,07:30:31,August,8,7,2024
2024-08-18 10:35:21,Coffe,8.0,Sunday,2024-08-18,10:35:21,August,8,10,2024
2024-08-18 14:46:44,Market,0.5,Sunday,2024-08-18,14:46:44,August,8,14,2024
2024-08-18 14:46:50,Transport,2.0,Sunday,2024-08-18,14:46:50,August,8,14,2024
2024-08-18 14:53:08,Coffe,13.13,Sunday,2024-08-18,14:53:08,August,8,14,2024
2024-08-19 04:15:08,Market,2.5,Monday,2024-08-19,04:15:08,August,8,4,2024
2024-08-19 08:12:45,Restuarant,12.0,Monday,2024-08-19,08:12:45,August,8,8,2024
2024-08-19 14:37:32,Coffe,8.0,Monday,2024-08-19,14:37:32,August,8,14,2024
2024-08-19 17:35:51,Market,2.45,Monday,2024-08-19,17:35:51,August,8,17,2024
2024-08-19 17:48:10,Market,2.5,Monday,2024-08-19,17:48:10,August,8,17,2024
2024-08-20 02:42:36,Transport,1.0,Tuesday,2024-08-20,02:42:36,August,8,2,2024
2024-08-20 04:33:30,Taxi,2.5,Tuesday,2024-08-20,04:33:30,August,8,4,2024
2024-08-20 04:33:32,Coffe,8.0,Tuesday,2024-08-20,04:33:32,August,8,4,2024
2024-08-20 14:31:21,Market,3.55,Tuesday,2024-08-20,14:31:21,August,8,14,2024
2024-08-21 04:00:10,Taxi,2.5,Wednesday,2024-08-21,04:00:10,August,8,4,2024
2024-08-21 04:09:52,Coffe,6.75,Wednesday,2024-08-21,04:09:52,August,8,4,2024
2024-08-21 14:18:19,Other,10.0,Wednesday,2024-08-21,14:18:19,August,8,14,2024
2024-08-21 15:03:14,Other,2.0,Wednesday,2024-08-21,15:03:14,August,8,15,2024
2024-08-21 15:09:27,Market,3.0,Wednesday,2024-08-21,15:09:27,August,8,15,2024
2024-08-22 02:15:51,Transport,2.0,Thursday,2024-08-22,02:15:51,August,8,2,2024
2024-08-22 04:05:16,Coffe,15.23,Thursday,2024-08-22,04:05:16,August,8,4,2024
2024-08-22 14:21:25,Coffe,8.0,Thursday,2024-08-22,14:21:25,August,8,14,2024
2024-08-23 04:00:30,Taxi,2.5,Friday,2024-08-23,04:00:30,August,8,4,2024
2024-08-23 04:08:59,Coffe,6.75,Friday,2024-08-23,04:08:59,August,8,4,2024
2024-08-23 08:03:09,Business lunch,9.0,Friday,2024-08-23,08:03:09,August,8,8,2024
2024-08-24 06:15:39,Transport,0.5,Saturday,2024-08-24,06:15:39,August,8,6,2024
2024-08-24 06:42:41,Transport,0.5,Saturday,2024-08-24,06:42:41,August,8,6,2024
2024-08-24 07:19:30,Coffe,15.0,Saturday,2024-08-24,07:19:30,August,8,7,2024
2024-08-24 10:25:51,Coffe,8.0,Saturday,2024-08-24,10:25:51,August,8,10,2024
2024-08-24 13:52:26,Market,10.0,Saturday,2024-08-24,13:52:26,August,8,13,2024
2024-08-24 13:52:32,Transport,0.5,Saturday,2024-08-24,13:52:32,August,8,13,2024
2024-08-25 02:37:36,Transport,1.0,Sunday,2024-08-25,02:37:36,August,8,2,2024
2024-08-25 04:19:42,Market,9.0,Sunday,2024-08-25,04:19:42,August,8,4,2024
2024-08-25 04:19:49,Taxi,2.5,Sunday,2024-08-25,04:19:49,August,8,4,2024
2024-08-25 04:31:57,Coffe,8.0,Sunday,2024-08-25,04:31:57,August,8,4,2024
2024-08-25 06:50:55,Restuarant,40.0,Sunday,2024-08-25,06:50:55,August,8,6,2024
2024-08-25 07:55:49,Restuarant,17.0,Sunday,2024-08-25,07:55:49,August,8,7,2024
2024-08-25 08:21:39,Coffe,5.0,Sunday,2024-08-25,08:21:39,August,8,8,2024
2024-08-25 10:18:10,Taxi,5.0,Sunday,2024-08-25,10:18:10,August,8,10,2024
2024-08-25 10:18:11,Phone,15.0,Sunday,2024-08-25,10:18:11,August,8,10,2024
2024-08-26 07:04:09,Transport,0.5,Monday,2024-08-26,07:04:09,August,8,7,2024
2024-08-26 07:04:15,Market,5.0,Monday,2024-08-26,07:04:15,August,8,7,2024
2024-08-26 08:13:32,Market,0.55,Monday,2024-08-26,08:13:32,August,8,8,2024
2024-08-26 09:33:54,Taxi,2.5,Monday,2024-08-26,09:33:54,August,8,9,2024
2024-08-26 09:34:04,Restuarant,10.0,Monday,2024-08-26,09:34:04,August,8,9,2024
2024-08-26 09:38:06,Coffe,8.0,Monday,2024-08-26,09:38:06,August,8,9,2024
2024-08-26 12:07:46,Coffe,8.0,Monday,2024-08-26,12:07:46,August,8,12,2024
2024-08-26 15:45:16,Market,13.0,Monday,2024-08-26,15:45:16,August,8,15,2024
2024-08-27 02:32:49,Transport,1.0,Tuesday,2024-08-27,02:32:49,August,8,2,2024
2024-08-27 04:03:10,Market,11.0,Tuesday,2024-08-27,04:03:10,August,8,4,2024
2024-08-27 04:04:00,Taxi,2.5,Tuesday,2024-08-27,04:04:00,August,8,4,2024
2024-08-27 08:01:37,business_expenses,29.0,Tuesday,2024-08-27,08:01:37,August,8,8,2024
2024-08-27 08:16:10,Coffe,15.0,Tuesday,2024-08-27,08:16:10,August,8,8,2024
2024-08-27 09:36:06,Other,90.0,Tuesday,2024-08-27,09:36:06,August,8,9,2024
2024-08-27 11:08:07,Taxi,2.5,Tuesday,2024-08-27,11:08:07,August,8,11,2024
2024-08-27 11:24:52,Taxi,5.0,Tuesday,2024-08-27,11:24:52,August,8,11,2024
2024-08-27 11:48:46,Market,8.2,Tuesday,2024-08-27,11:48:46,August,8,11,2024
2024-08-27 15:31:54,business_expenses,70.0,Tuesday,2024-08-27,15:31:54,August,8,15,2024
2024-08-27 16:09:21,business_expenses,15.0,Tuesday,2024-08-27,16:09:21,August,8,16,2024
2024-08-28 05:28:07,Transport,0.5,Wednesday,2024-08-28,05:28:07,August,8,5,2024
2024-08-28 06:03:52,Transport,0.5,Wednesday,2024-08-28,06:03:52,August,8,6,2024
2024-08-28 06:03:55,Transport,0.5,Wednesday,2024-08-28,06:03:55,August,8,6,2024
2024-08-28 07:35:47,Market,7.4,Wednesday,2024-08-28,07:35:47,August,8,7,2024
2024-08-28 07:36:56,Taxi,2.6,Wednesday,2024-08-28,07:36:56,August,8,7,2024
2024-08-28 10:46:56,Coffe,8.0,Wednesday,2024-08-28,10:46:56,August,8,10,2024
2024-08-28 14:42:34,Coffe,7.4,Wednesday,2024-08-28,14:42:34,August,8,14,2024
2024-08-28 19:45:25,Market,11.0,Wednesday,2024-08-28,19:45:25,August,8,19,2024
2024-08-29 05:19:33,Restuarant,25.0,Thursday,2024-08-29,05:19:33,August,8,5,2024
2024-08-29 06:44:32,Transport,1.5,Thursday,2024-08-29,06:44:32,August,8,6,2024
2024-08-29 08:09:56,Market,8.0,Thursday,2024-08-29,08:09:56,August,8,8,2024
2024-08-29 08:10:28,Taxi,2.6,Thursday,2024-08-29,08:10:28,August,8,8,2024
2024-08-29 08:29:17,Coffe,9.4,Thursday,2024-08-29,08:29:17,August,8,8,2024
2024-08-29 12:28:15,Coffe,18.2,Thursday,2024-08-29,12:28:15,August,8,12,2024
2024-08-29 16:08:17,Taxi,6.0,Thursday,2024-08-29,16:08:17,August,8,16,2024
2024-08-29 16:54:11,Market,5.0,Thursday,2024-08-29,16:54:11,August,8,16,2024
2024-08-30 04:44:40,Transport,1.0,Friday,2024-08-30,04:44:40,August,8,4,2024
2024-08-30 07:47:34,Coffe,8.0,Friday,2024-08-30,07:47:34,August,8,7,2024
2024-08-30 09:38:27,Business lunch,22.0,Friday,2024-08-30,09:38:27,August,8,9,2024
2024-08-30 10:01:54,Coffe,7.0,Friday,2024-08-30,10:01:54,August,8,10,2024
2024-08-30 14:17:10,Coffe,16.0,Friday,2024-08-30,14:17:10,August,8,14,2024
2024-08-31 12:02:17,Coffe,16.0,Saturday,2024-08-31,12:02:17,August,8,12,2024
2024-08-31 12:02:19,Transport,2.0,Saturday,2024-08-31,12:02:19,August,8,12,2024
2024-08-31 13:01:19,Market,8.0,Saturday,2024-08-31,13:01:19,August,8,13,2024
2024-09-01 02:04:48,Sport,89.0,Sunday,2024-09-01,02:04:48,September,9,2,2024
2024-09-01 02:25:58,Transport,1.0,Sunday,2024-09-01,02:25:58,September,9,2,2024
2024-09-01 03:03:07,Market,20.0,Sunday,2024-09-01,03:03:07,September,9,3,2024
2024-09-01 04:15:53,Market,0.45,Sunday,2024-09-01,04:15:53,September,9,4,2024
2024-09-01 04:15:56,Taxi,2.5,Sunday,2024-09-01,04:15:56,September,9,4,2024
2024-09-01 04:36:26,Coffe,8.0,Sunday,2024-09-01,04:36:26,September,9,4,2024
2024-09-01 09:42:53,Restuarant,112.0,Sunday,2024-09-01,09:42:53,September,9,9,2024
2024-09-01 09:42:55,Transport,3.0,Sunday,2024-09-01,09:42:55,September,9,9,2024
2024-09-01 09:47:57,Coffe,8.0,Sunday,2024-09-01,09:47:57,September,9,9,2024
2024-09-01 13:31:49,Restuarant,11.0,Sunday,2024-09-01,13:31:49,September,9,13,2024
2024-09-01 14:11:31,Taxi,3.0,Sunday,2024-09-01,14:11:31,September,9,14,2024
2024-09-01 14:16:12,Market,16.0,Sunday,2024-09-01,14:16:12,September,9,14,2024
2024-09-01 14:23:47,Coffe,12.0,Sunday,2024-09-01,14:23:47,September,9,14,2024
2024-09-01 17:47:05,Transport,0.5,Sunday,2024-09-01,17:47:05,September,9,17,2024
2024-09-01 17:47:09,Market,15.2,Sunday,2024-09-01,17:47:09,September,9,17,2024
2024-09-02 02:47:36,Transport,0.5,Monday,2024-09-02,02:47:36,September,9,2,2024
2024-09-02 03:07:55,Market,4.57,Monday,2024-09-02,03:07:55,September,9,3,2024
2024-09-02 04:10:17,Coffe,7.35,Monday,2024-09-02,04:10:17,September,9,4,2024
2024-09-02 04:27:54,business_expenses,2.0,Monday,2024-09-02,04:27:54,September,9,4,2024
2024-09-02 06:57:38,Restuarant,8.1,Monday,2024-09-02,06:57:38,September,9,6,2024
2024-09-02 09:09:23,Coffe,8.0,Monday,2024-09-02,09:09:23,September,9,9,2024
2024-09-02 14:14:27,Clothing,170.0,Monday,2024-09-02,14:14:27,September,9,14,2024
2024-09-02 15:12:13,Transport,0.5,Monday,2024-09-02,15:12:13,September,9,15,2024
2024-09-03 04:04:29,Coffe,16.0,Tuesday,2024-09-03,04:04:29,September,9,4,2024
2024-09-03 04:52:24,Market,3.25,Tuesday,2024-09-03,04:52:24,September,9,4,2024
2024-09-03 07:21:57,Transport,1.0,Tuesday,2024-09-03,07:21:57,September,9,7,2024
2024-09-03 08:58:06,Coffe,16.0,Tuesday,2024-09-03,08:58:06,September,9,8,2024
2024-09-03 17:56:49,Restuarant,38.0,Tuesday,2024-09-03,17:56:49,September,9,17,2024
2024-09-04 04:05:03,Coffe,16.0,Wednesday,2024-09-04,04:05:03,September,9,4,2024
2024-09-04 04:50:28,Market,3.25,Wednesday,2024-09-04,04:50:28,September,9,4,2024
2024-09-04 09:51:49,Business lunch,10.0,Wednesday,2024-09-04,09:51:49,September,9,9,2024
2024-09-04 14:50:09,Coffe,7.4,Wednesday,2024-09-04,14:50:09,September,9,14,2024
2024-09-04 16:20:19,business_expenses,95.0,Wednesday,2024-09-04,16:20:19,September,9,16,2024
2024-09-04 18:40:20,Market,3.27,Wednesday,2024-09-04,18:40:20,September,9,18,2024
2024-09-05 02:05:37,Phone,2.0,Thursday,2024-09-05,02:05:37,September,9,2,2024
2024-09-05 12:46:53,Business lunch,8.1,Thursday,2024-09-05,12:46:53,September,9,12,2024
2024-09-05 14:17:23,Coffe,7.4,Thursday,2024-09-05,14:17:23,September,9,14,2024
2024-09-05 04:17:00,Coffe,16.0,Thursday,2024-09-05,04:17:00,September,9,4,2024
2024-09-05 16:11:44,Coffe,3.5,Thursday,2024-09-05,16:11:44,September,9,16,2024
2024-09-05 16:52:25,Transport,0.5,Thursday,2024-09-05,16:52:25,September,9,16,2024
2024-09-06 04:00:00,Coffe,7.0,Friday,2024-09-06,04:00:00,September,9,4,2024
2024-09-06 04:00:07,Coffe,16.0,Friday,2024-09-06,04:00:07,September,9,4,2024
2024-09-06 04:26:46,Taxi,3.5,Friday,2024-09-06,04:26:46,September,9,4,2024
2024-09-06 09:15:22,Taxi,4.8,Friday,2024-09-06,09:15:22,September,9,9,2024
2024-09-06 09:15:25,Business lunch,6.0,Friday,2024-09-06,09:15:25,September,9,9,2024
2024-09-07 06:33:19,Transport,1.0,Saturday,2024-09-07,06:33:19,September,9,6,2024
2024-09-07 08:08:02,Market,7.4,Saturday,2024-09-07,08:08:02,September,9,8,2024
2024-09-07 08:08:30,Taxi,2.6,Saturday,2024-09-07,08:08:30,September,9,8,2024
2024-09-07 08:29:02,Coffe,7.4,Saturday,2024-09-07,08:29:02,September,9,8,2024
2024-09-07 12:50:54,Coffe,17.3,Saturday,2024-09-07,12:50:54,September,9,12,2024
2024-09-07 14:46:27,Transport,0.5,Saturday,2024-09-07,14:46:27,September,9,14,2024
2024-09-07 15:51:59,Market,18.0,Saturday,2024-09-07,15:51:59,September,9,15,2024
2024-09-08 02:37:50,Transport,0.5,Sunday,2024-09-08,02:37:50,September,9,2,2024
2024-09-08 04:10:07,Market,15.0,Sunday,2024-09-08,04:10:07,September,9,4,2024
2024-09-08 04:10:08,Taxi,2.0,Sunday,2024-09-08,04:10:08,September,9,4,2024
2024-09-08 12:09:08,Restuarant,52.0,Sunday,2024-09-08,12:09:08,September,9,12,2024
2024-09-08 12:22:05,Transport,0.5,Sunday,2024-09-08,12:22:05,September,9,12,2024
2024-09-08 17:45:23,Health,4.0,Sunday,2024-09-08,17:45:23,September,9,17,2024
2024-09-09 02:20:52,Transport,0.5,Monday,2024-09-09,02:20:52,September,9,2,2024
2024-09-09 03:57:31,Coffe,16.0,Monday,2024-09-09,03:57:31,September,9,3,2024
2024-09-09 04:21:00,Coffe,7.0,Monday,2024-09-09,04:21:00,September,9,4,2024
2024-09-09 04:36:28,Market,3.25,Monday,2024-09-09,04:36:28,September,9,4,2024
2024-09-09 15:20:45,Restuarant,57.0,Monday,2024-09-09,15:20:45,September,9,15,2024
2024-09-09 15:26:59,Transport,1.0,Monday,2024-09-09,15:26:59,September,9,15,2024
2024-09-10 02:18:48,Transport,0.5,Tuesday,2024-09-10,02:18:48,September,9,2,2024
2024-09-10 04:05:52,Market,8.0,Tuesday,2024-09-10,04:05:52,September,9,4,2024
2024-09-10 04:36:59,Coffe,5.25,Tuesday,2024-09-10,04:36:59,September,9,4,2024
2024-09-10 06:07:20,Learning,50.0,Tuesday,2024-09-10,06:07:20,September,9,6,2024
2024-09-10 08:18:42,Business lunch,7.8,Tuesday,2024-09-10,08:18:42,September,9,8,2024
2024-09-10 13:56:30,Transport,0.5,Tuesday,2024-09-10,13:56:30,September,9,13,2024
2024-09-10 14:38:45,Market,16.0,Tuesday,2024-09-10,14:38:45,September,9,14,2024
2024-09-11 01:33:42,Phone,3.0,Wednesday,2024-09-11,01:33:42,September,9,1,2024
2024-09-11 02:18:44,Transport,0.5,Wednesday,2024-09-11,02:18:44,September,9,2,2024
2024-09-11 04:06:22,Market,14.0,Wednesday,2024-09-11,04:06:22,September,9,4,2024
2024-09-11 08:37:19,Events,50.0,Wednesday,2024-09-11,08:37:19,September,9,8,2024
2024-09-11 09:05:52,Taxi,6.0,Wednesday,2024-09-11,09:05:52,September,9,9,2024
2024-09-11 10:28:50,Phone,12.0,Wednesday,2024-09-11,10:28:50,September,9,10,2024
2024-09-11 14:07:41,Health,6.0,Wednesday,2024-09-11,14:07:41,September,9,14,2024
2024-09-11 14:29:43,Coffe,8.0,Wednesday,2024-09-11,14:29:43,September,9,14,2024
2024-09-11 18:18:23,Transport,0.5,Wednesday,2024-09-11,18:18:23,September,9,18,2024
2024-09-11 19:30:18,Communal,180.0,Wednesday,2024-09-11,19:30:18,September,9,19,2024
2024-09-12 02:15:51,Transport,0.5,Thursday,2024-09-12,02:15:51,September,9,2,2024
2024-09-12 04:03:03,Market,4.1,Thursday,2024-09-12,04:03:03,September,9,4,2024
2024-09-12 06:08:25,Restuarant,8.1,Thursday,2024-09-12,06:08:25,September,9,6,2024
2024-09-12 12:56:21,Restuarant,7.2,Thursday,2024-09-12,12:56:21,September,9,12,2024
2024-09-12 09:00:00,Coffe,6.0,Thursday,2024-09-12,09:00:00,September,9,9,2024
2024-09-12 14:15:57,Coffe,5.6,Thursday,2024-09-12,14:15:57,September,9,14,2024
2024-09-12 17:00:05,Transport,0.5,Thursday,2024-09-12,17:00:05,September,9,17,2024
2024-09-12 17:41:51,Market,4.0,Thursday,2024-09-12,17:41:51,September,9,17,2024
2024-09-13 04:09:00,Coffe,21.0,Friday,2024-09-13,04:09:00,September,9,4,2024
2024-09-13 04:55:16,Taxi,4.0,Friday,2024-09-13,04:55:16,September,9,4,2024
2024-09-13 08:45:33,Transport,0.5,Friday,2024-09-13,08:45:33,September,9,8,2024
2024-09-13 09:38:22,Business lunch,12.0,Friday,2024-09-13,09:38:22,September,9,9,2024
2024-09-13 14:17:53,Coffe,7.4,Friday,2024-09-13,14:17:53,September,9,14,2024
2024-09-14 04:06:45,Transport,0.5,Saturday,2024-09-14,04:06:45,September,9,4,2024
2024-09-14 04:06:48,Market,12.1,Saturday,2024-09-14,04:06:48,September,9,4,2024
2024-09-14 04:06:51,Taxi,2.5,Saturday,2024-09-14,04:06:51,September,9,4,2024
2024-09-14 04:06:56,Coffe,10.0,Saturday,2024-09-14,04:06:56,September,9,4,2024
2024-09-14 07:41:25,Phone,1.0,Saturday,2024-09-14,07:41:25,September,9,7,2024
2024-09-14 12:05:16,Restuarant,118.0,Saturday,2024-09-14,12:05:16,September,9,12,2024
2024-09-14 12:32:08,Transport,0.5,Saturday,2024-09-14,12:32:08,September,9,12,2024
2024-09-14 13:08:17,Sport,3.0,Saturday,2024-09-14,13:08:17,September,9,13,2024
2024-09-14 13:20:12,Market,6.0,Saturday,2024-09-14,13:20:12,September,9,13,2024
2024-09-15 06:45:47,Taxi,2.6,Sunday,2024-09-15,06:45:47,September,9,6,2024
2024-09-15 06:47:02,Market,14.0,Sunday,2024-09-15,06:47:02,September,9,6,2024
2024-09-15 06:56:13,Coffe,8.0,Sunday,2024-09-15,06:56:13,September,9,6,2024
2024-09-15 15:52:41,Tech,510.0,Sunday,2024-09-15,15:52:41,September,9,15,2024
2024-09-15 15:52:46,Restuarant,178.0,Sunday,2024-09-15,15:52:46,September,9,15,2024
2024-09-16 04:02:17,Market,11.0,Monday,2024-09-16,04:02:17,September,9,4,2024
2024-09-16 06:45:27,Restuarant,8.0,Monday,2024-09-16,06:45:27,September,9,6,2024
2024-09-16 09:03:35,Coffe,9.0,Monday,2024-09-16,09:03:35,September,9,9,2024
2024-09-16 12:40:25,Market,6.23,Monday,2024-09-16,12:40:25,September,9,12,2024
2024-09-16 12:46:35,Restuarant,11.0,Monday,2024-09-16,12:46:35,September,9,12,2024
2024-09-16 14:19:57,Coffe,8.0,Monday,2024-09-16,14:19:57,September,9,14,2024
2024-09-16 17:49:02,Transport,1.0,Monday,2024-09-16,17:49:02,September,9,17,2024
2024-09-16 19:06:12,Market,4.0,Monday,2024-09-16,19:06:12,September,9,19,2024
2024-09-16 19:06:14,Health,14.0,Monday,2024-09-16,19:06:14,September,9,19,2024
2024-09-17 02:57:01,Transport,1.0,Tuesday,2024-09-17,02:57:01,September,9,2,2024
2024-09-17 03:58:32,Market,8.0,Tuesday,2024-09-17,03:58:32,September,9,3,2024
2024-09-17 04:03:30,Coffe,6.0,Tuesday,2024-09-17,04:03:30,September,9,4,2024
2024-09-17 09:30:53,Business lunch,10.0,Tuesday,2024-09-17,09:30:53,September,9,9,2024
2024-09-17 09:59:22,Phone,15.0,Tuesday,2024-09-17,09:59:22,September,9,9,2024
2024-09-17 14:19:51,Coffe,8.0,Tuesday,2024-09-17,14:19:51,September,9,14,2024
2024-09-17 16:03:03,Taxi,8.0,Tuesday,2024-09-17,16:03:03,September,9,16,2024
2024-09-17 18:08:17,Restuarant,40.0,Tuesday,2024-09-17,18:08:17,September,9,18,2024
2024-09-17 19:18:21,Restuarant,10.0,Tuesday,2024-09-17,19:18:21,September,9,19,2024
2024-09-18 04:04:29,Market,14.0,Wednesday,2024-09-18,04:04:29,September,9,4,2024
2024-09-18 09:27:46,Business lunch,10.0,Wednesday,2024-09-18,09:27:46,September,9,9,2024
2024-09-18 09:47:46,Events,30.0,Wednesday,2024-09-18,09:47:46,September,9,9,2024
2024-09-18 17:39:24,Transport,1.0,Wednesday,2024-09-18,17:39:24,September,9,17,2024
2024-09-18 14:29:58,Coffe,6.0,Wednesday,2024-09-18,14:29:58,September,9,14,2024
2024-09-18 18:20:25,Market,17.0,Wednesday,2024-09-18,18:20:25,September,9,18,2024
2024-09-19 03:54:25,Transport,0.5,Thursday,2024-09-19,03:54:25,September,9,3,2024
2024-09-19 06:28:56,Restuarant,7.2,Thursday,2024-09-19,06:28:56,September,9,6,2024
2024-09-19 08:29:23,Phone,12.0,Thursday,2024-09-19,08:29:23,September,9,8,2024
2024-09-19 14:28:19,business_expenses,24.0,Thursday,2024-09-19,14:28:19,September,9,14,2024
2024-09-19 14:45:20,Coffe,8.0,Thursday,2024-09-19,14:45:20,September,9,14,2024
2024-09-19 18:09:42,Market,7.0,Thursday,2024-09-19,18:09:42,September,9,18,2024
2024-09-20 06:33:51,Restuarant,8.0,Friday,2024-09-20,06:33:51,September,9,6,2024
2024-09-20 04:34:00,Transport,1.0,Friday,2024-09-20,04:34:00,September,9,4,2024
2024-09-20 09:56:18,Market,7.0,Friday,2024-09-20,09:56:18,September,9,9,2024
2024-09-20 13:57:27,Other,10.0,Friday,2024-09-20,13:57:27,September,9,13,2024
2024-09-20 15:02:11,Other,10.0,Friday,2024-09-20,15:02:11,September,9,15,2024
2024-09-20 15:44:23,Other,12.0,Friday,2024-09-20,15:44:23,September,9,15,2024
2024-09-21 07:59:49,Market,7.4,Saturday,2024-09-21,07:59:49,September,9,7,2024
2024-09-21 08:00:07,Taxi,3.0,Saturday,2024-09-21,08:00:07,September,9,8,2024
2024-09-21 08:31:25,Coffe,8.0,Saturday,2024-09-21,08:31:25,September,9,8,2024
2024-09-21 12:14:35,Transport,0.5,Saturday,2024-09-21,12:14:35,September,9,12,2024
2024-09-21 12:54:57,Market,5.0,Saturday,2024-09-21,12:54:57,September,9,12,2024
2024-09-22 04:10:00,Market,7.0,Sunday,2024-09-22,04:10:00,September,9,4,2024
2024-09-22 04:10:45,Taxi,2.6,Sunday,2024-09-22,04:10:45,September,9,4,2024
2024-09-22 11:27:12,Restuarant,48.0,Sunday,2024-09-22,11:27:12,September,9,11,2024
2024-09-22 05:27:00,Coffe,8.0,Sunday,2024-09-22,05:27:00,September,9,5,2024
2024-09-22 11:43:13,Coffe,7.0,Sunday,2024-09-22,11:43:13,September,9,11,2024
2024-09-22 13:26:54,Transport,1.0,Sunday,2024-09-22,13:26:54,September,9,13,2024
2024-09-23 02:18:06,Transport,0.5,Monday,2024-09-23,02:18:06,September,9,2,2024
2024-09-23 04:21:22,Coffe,16.0,Monday,2024-09-23,04:21:22,September,9,4,2024
2024-09-23 04:32:41,Coffe,5.25,Monday,2024-09-23,04:32:41,September,9,4,2024
2024-09-23 09:44:46,Business lunch,12.0,Monday,2024-09-23,09:44:46,September,9,9,2024
2024-09-23 09:44:51,Market,5.0,Monday,2024-09-23,09:44:51,September,9,9,2024
2024-09-23 14:15:14,Coffe,4.5,Monday,2024-09-23,14:15:14,September,9,14,2024
2024-09-23 16:49:10,business_expenses,15.0,Monday,2024-09-23,16:49:10,September,9,16,2024
2024-09-23 17:42:09,Transport,0.5,Monday,2024-09-23,17:42:09,September,9,17,2024
2024-09-23 18:37:15,Market,7.2,Monday,2024-09-23,18:37:15,September,9,18,2024
2024-09-24 07:44:25,Taxi,7.0,Tuesday,2024-09-24,07:44:25,September,9,7,2024
2024-09-24 03:44:00,Market,6.2,Tuesday,2024-09-24,03:44:00,September,9,3,2024
2024-09-24 14:16:20,Coffe,7.4,Tuesday,2024-09-24,14:16:20,September,9,14,2024
2024-09-24 16:04:17,Restuarant,12.0,Tuesday,2024-09-24,16:04:17,September,9,16,2024
2024-09-24 16:42:43,Transport,0.5,Tuesday,2024-09-24,16:42:43,September,9,16,2024
2024-09-25 02:21:57,Transport,0.5,Wednesday,2024-09-25,02:21:57,September,9,2,2024
2024-09-25 08:26:17,Restuarant,8.5,Wednesday,2024-09-25,08:26:17,September,9,8,2024
2024-09-25 09:05:37,Coffe,5.25,Wednesday,2024-09-25,09:05:37,September,9,9,2024
2024-09-25 15:33:58,Coffe,4.4,Wednesday,2024-09-25,15:33:58,September,9,15,2024
2024-09-25 17:44:30,Coffe,13.0,Wednesday,2024-09-25,17:44:30,September,9,17,2024
2024-09-25 19:37:03,Transport,0.5,Wednesday,2024-09-25,19:37:03,September,9,19,2024
2024-09-26 02:14:06,Transport,0.5,Thursday,2024-09-26,02:14:06,September,9,2,2024
2024-09-26 03:57:00,Market,6.5,Thursday,2024-09-26,03:57:00,September,9,3,2024
2024-09-26 06:44:21,Restuarant,7.2,Thursday,2024-09-26,06:44:21,September,9,6,2024
2024-09-26 09:03:40,Coffe,8.4,Thursday,2024-09-26,09:03:40,September,9,9,2024
2024-09-26 15:30:11,Coffe,7.4,Thursday,2024-09-26,15:30:11,September,9,15,2024
2024-09-26 17:14:24,Transport,0.5,Thursday,2024-09-26,17:14:24,September,9,17,2024
2024-09-26 18:12:16,Market,9.0,Thursday,2024-09-26,18:12:16,September,9,18,2024
2024-09-27 02:24:07,Transport,0.5,Friday,2024-09-27,02:24:07,September,9,2,2024
2024-09-27 03:55:58,Market,7.0,Friday,2024-09-27,03:55:58,September,9,3,2024
2024-09-27 06:42:03,Restuarant,17.1,Friday,2024-09-27,06:42:03,September,9,6,2024
2024-09-27 09:21:27,Coffe,8.0,Friday,2024-09-27,09:21:27,September,9,9,2024
2024-09-27 12:39:39,Restuarant,8.0,Friday,2024-09-27,12:39:39,September,9,12,2024
2024-09-27 14:13:16,Coffe,7.4,Friday,2024-09-27,14:13:16,September,9,14,2024
2024-09-27 17:06:44,Transport,0.5,Friday,2024-09-27,17:06:44,September,9,17,2024
2024-09-28 04:04:41,Transport,0.5,Saturday,2024-09-28,04:04:41,September,9,4,2024
2024-09-28 05:31:53,Market,8.0,Saturday,2024-09-28,05:31:53,September,9,5,2024
2024-09-28 05:58:09,Coffe,13.0,Saturday,2024-09-28,05:58:09,September,9,5,2024
2024-09-28 10:54:02,Coffe,13.0,Saturday,2024-09-28,10:54:02,September,9,10,2024
2024-09-28 12:52:17,Transport,0.5,Saturday,2024-09-28,12:52:17,September,9,12,2024
2024-09-28 13:31:37,Market,8.0,Saturday,2024-09-28,13:31:37,September,9,13,2024
2024-09-29 02:57:07,Transport,0.5,Sunday,2024-09-29,02:57:07,September,9,2,2024
2024-09-29 04:29:03,Market,7.4,Sunday,2024-09-29,04:29:03,September,9,4,2024
2024-09-29 04:53:24,Coffe,15.0,Sunday,2024-09-29,04:53:24,September,9,4,2024
2024-09-29 10:40:38,Restuarant,8.0,Sunday,2024-09-29,10:40:38,September,9,10,2024
